tweet_id,tweet_created_at_ts,user_screen_name,user_location,tweet_place_name,tweet_place_country_code,tweet_text
991858142484058112,1525312383,VK_HM,"Dublin, Ireland",Dublin City,IE,"@jsdtweets @DangOlWill They can they just donâ€™t want to, Jessica Jones got a Captain America in the last season. I guess they just think it sounds cooler if nobody talks like nerds by using their given names"
991793143371718656,1525296886,BrianKeane9,Shannon...Co Clare...Ireland,Clare,IE,@RTEsoccer While your panellists slate the liverpool team shower of wankers
991785232910159872,1525295000,cbbrown35,Dublin Ireland,South Dublin,IE,Im on antibiotics at the min. I might stretch to sparkling water. ğŸ˜ğŸ¤£ https://t.co/HTunYjZN4D
991786365372321792,1525295270,mrwavibor,"Louth, Ireland",Dublin City,IE,I'm at The Five Lamps in Dublin https://t.co/Ozkbd6Y8EO
991796305876930560,1525297640,KarenBrownSauce,"Galway, Ireland",Galway,IE,YES!!! Still Single ğŸ™‹ğŸ»ğŸ˜© #knowthefeels #FirstDates https://t.co/cLURC402T9
991792652638130176,1525296769,DonnaMariaBaint,Gorey wexford Ireland,Wexford,IE,@itvcorrie #Gotta love Sally#Prawn &amp; Scallop risotto doesnâ€™t grow on trees you knowğŸ˜‚ğŸ˜‚
991794200323788806,1525297138,foodborn,"Wexford, Ireland",Wexford,IE,@LornaESixsmith @Paulahynes4 Yes really enjoyed it. So tough but great viewing ğŸ‘ğŸ¼ğŸ‘ğŸ¼ğŸ‘ğŸ¼
991787271354544134,1525295486,BrianKeane9,Shannon...Co Clare...Ireland,Clare,IE,@Linda_Pizzuti We've conquered all of your europe were never going stop from paris and to turkey we've won the fucking lotğŸ˜šğŸ˜šğŸ˜šâ¤â¤â¤#YNWA
991791293700460544,1525296445,StelmaszczykA,"Dublin City, Ireland",Fingal,IE,@Mateusz_Sitko_ @RadoChmiel @AnnaSkiepko @Sokol_PL_ @PawelRutowski @magda_r77 ğŸ’ª
991786956764966914,1525295411,stanleydiarmuid,"Dublin City, Ireland",Dublin City,IE,like urs  too
991792023475834882,1525296619,keiththompson__,"Dublin, Ireland",Dun Laoghaire-Rathdown,IE,Liverpool players holding up a banner with Irish on it almost cancels out Steve going to the huns. https://t.co/wKMV4oBPN4
991787774662541313,1525295606,_MattyEFC,"Dundalk, Ireland",Louth,IE,#RedOrDead has done it for me ğŸ¤®ğŸ˜­ https://t.co/6q023R8TVF
991750613125009409,1525286746,GerBearWalsh,"Dublin City, Ireland",Dun Laoghaire-Rathdown,IE,@donalscannell Amen
991746859214540806,1525285851,ColletteFlores,"Dublin, Ireland",Dublin City,IE,@caulmick @campaignforleo @RoisinShortall #bodylanguage !!
991745575786774529,1525285545,itsdee_again,Ireland,Meath,IE,Wait . They actually take u home ? https://t.co/aSTYrTcy28
991750764136673281,1525286782,Jordimurphy,"Dublin, Ireland",Dublin City,IE,Spot of tea with Michael D ğŸ‡®ğŸ‡ª @ Ãras an UachtarÃ¡in https://t.co/iCyaDfKkM5
991762101315260416,1525289485,GalwayCoCo,"County Galway, Ireland",Galway,IE,Cllr. Martina Kinane speaking at the launch of the Oranmore Heritage Trail in Oranmore Library https://t.co/sTOuLLv1Hm
991767616846000131,1525290800,NesbittF,"Kilkenny, Ireland",Kilkenny,IE,"@RozsaraKelly That sounds much better! I like the new profile pic, btw."
991758364207206400,1525288594,robsullivan11,Fermoy Co. Cork Ireland,Cork,IE,@smuller1987 How messi didnâ€™t cut em apart is beyond belief ğŸ˜‚ğŸ˜‚ğŸ™ˆğŸ™ˆ
991763149891297280,1525289735,edojyo_ji,"Galway, Ireland",Cork,IE,"@_dorobbong @mastersofcinema Thanks a lot ğŸ˜Š I do feel a bit bad but Iâ€™ve also bought a hoover and a new toothbrush since I got paid so Iâ€™ve convinced myself Iâ€™m not just buying frivolities! But youâ€™re right, whatâ€™s the point in working if you canâ€™t buy yourself and your loved one something nice, right?ğŸ˜‰"
991766127876427776,1525290445,jasonpobrien,"Dublin, Ireland",Dublin City,IE,@cahilljackie Hardest part is Tipperary to Dublin...
991762306844495872,1525289534,AidiMac,"Listowel, County Kerry, Ireland",Kerry,IE,"@noleman84 Yep, I could make a slimmer version for a lady"
991765687474507777,1525290340,ItsRonanDunne_,"Limerick, Ireland",Limerick,IE,@faIlingoverme @ddlovato In a mug...
991760251627110400,1525289044,obrien_cian,"Dublin City, Ireland",Dublin City,IE,@okayitsrach It was a load of shit sis
991905693342027777,1525323720,NeloMarial,"Dublin City, Ireland",South Dublin,IE,I'm at Scholarstown Rd https://t.co/jBKx65WqDW
991691855128678401,1525272737,waittilitellya,"Co.Tipperary, Ireland",South Tipperary,IE,@FHCexperience @IrelandGuide @GCsIreland @VisitTipp @tippfood @coolmorestud @Failte_Ireland @ancienteastIRL @MunsterVales @Fethardbusiness @HeritageIsland So proud! Thank you @GCsIreland @IrelandGuide! ğŸ #TheBestOfTheBest #FHCexperience #Fethard #Tipperary #IrelandsAncientEast #MunsterVales #Ireland
991691943221411842,1525272758,tmj_dub_cstsrv,"Dublin, Ireland",Dublin City,IE,Want to work at Mastercard? We're #hiring in #Dublin! Click for details: https://t.co/oaphf682Do #CustomerService #Job #Jobs #CareerArc
991728119064223745,1525281383,McDonaldRmd,"â¤ï¸Kildorrery, Cork, Irelandâ¤ï¸",Cork,IE,@FindAnyFilm Fantastic dvds that's amazing ğŸ˜ğŸ˜ğŸ˜ğŸ˜ğŸ˜ğŸ’–ğŸ’–ğŸ’–ğŸ’–ğŸ’–ğŸ’–ğŸ’–ğŸ’–ğŸ’–ğŸ’–ğŸ’–ğŸ’–ğŸ’–ğŸ’–ğŸ’–ğŸ’–ğŸ’–ğŸ’–ğŸ’–ğŸ’–ğŸ’–ğŸ’–ğŸ’–
991732216928534528,1525282360,KelvynOdejoke,"Dublin, Ireland ",Dublin City,IE,You canâ€™t chat!!! You dash seen as if youâ€™re dashing people free lyca sims in town https://t.co/9SCLu0cseX
991729771628417026,1525281777,PeterCollins__,"Dublin, Ireland ",Dublin City,IE,There's a special place in hell for people who put mugs on the bottom tray in the dishwasher ğŸ¤¦ğŸ¼â€â™‚ï¸
991737120061616128,1525283529,wmcloughlin,"Dublin, Ireland ",Fingal,IE,Line-up as expected...positive...bench is weak...no real cover for middle of the park...COME ON THE REDMEN ğŸ’ªğŸ¼ğŸ’ªğŸ¼ #LFC #ROMLIV #UCL #YNWA https://t.co/o6E5CIdaoY
991737837270786048,1525283700,Queen_Maritza1,"Dublin City, Ireland",South Dublin,IE,@simmoneyoungco Nah Iâ€™m a cunt!! I high fived my ex after sex one night coz he actually made me cum x
991731428395233282,1525282172,trisha460,"West Meath, Ireland",Cavan,IE,@COKeeffeWriter You were excellent Cormac
991806762272641025,1525300133,angevf,"Cork, Ireland",Cork,IE,Another evening of canvassing in #Macroom Lots ofâ€¦ https://t.co/TPD52CiQnr
991803603961696262,1525299380,RICARDORANGEL45,"Cork, Ireland",Cork,IE,O Brasil precisa da Ã©tica e da honestidade de #GeraldoAlckmin #45 na PresidÃªncia do Brasil !!! @geraldoalckmin @governosp @liderancadogov @PSDB_SP @Rede45 @grecovperes @fabricio_cobra @PSDBMulherSP_45 https://t.co/qcSDy1gf4v
991799665506078721,1525298441,StephenFLarkin,"Dublin City, Ireland",Fingal,IE,Great touch by the Liverpool players to pay tribute to SeÃ¡n Cox as he continues to battle in hospital.
991799732627484673,1525298457,happykpopire,Ireland,Ireland,IE,"Hi bighit, i would really appreciate tour dates asap cause Iâ€™m like suffering over here. 

#IREANDWANTSBTS https://t.co/xckKLmrsoB"
991810285483843585,1525300973,markollerEFC,"Listowel,Co. Kerry, Ireland",Kerry,IE,@russell_liburd @leffebrown @SneakyLFC @goobervision @zimmyfan66 : 1stOffAbsolutely MadeUpFor @LFC OurCity+People  SoProudOf #TheKopRomaBranch &amp; for Sean and the whole Cox ClanConcern:YeThought itWon At HT do that vs  #FrancosFascists &amp; The Smug Fkrs will BeOn13+No6th  ğŸ†For @LFC https://t.co/JkLzb3lZSE
991802844809519105,1525299199,GerryC89,"Dublin, Ireland",Dublin City,IE,Update your maintenance page!! @ThreeIreland https://t.co/0dbwE3IeRp
991697852966539265,1525274167,PriceChanges,Ireland,Fingal,IE,"â‡§ 4% â‚¬125K â‡¨ â‚¬130K https://t.co/p6GM9gMO4m Apt 11 Barons Hall Lodge, Balbriggan, County Dublin #dublin #balbriggan"
991705729890422785,1525276045,SuzieDuffin,"waterford, Republic of Ireland",Waterford,IE,@Benners2018 I have no idea but I can categorically state I didnâ€™t unfollow!
991699568453668865,1525274576,NewToMyHome,Ireland,Fingal,IE,"2 The Stables, Ongar,   Dublin 15 â‡¨ â‚¬250,000 | For Sale | https://t.co/jWn4bDHj5H | #dublin #ongar"
991697454528712704,1525274072,BlackWtrCastle,"Castletownroche, Cork, Ireland",Limerick,IE,@dscullylimerick Congratulations @dscullylimerick and enjoy the celebrations!
991769432962797569,1525291233,coolfoodschool,"Wicklow, Ireland",Wicklow,IE,"Great to see @AirfieldEstate on #growcookeat tonight on @rte. You did great #GrainneKelliher, fellow alumni of @GMITTourismArts. Looking forward to #airfieldfoodseries tomorrow. @giyireland @mickkellygrows @kirstiemcadoo #foodeducation #flavourschoolireland"
991775061727219713,1525292575,KiaOraMiniFarm1,"South East Ireland, Wexford",Wexford,IE,@guardianfireirl @DunbrodyShip @clubchoice Thank you
991783332907241473,1525294547,ConorWeldon,"Meath, Ireland",Meath,IE,"â€œWeâ€™re going to Kievâ€ says the boys that have never been to Anfield, never mind Kiev"
991772993939492864,1525292082,coolfoodschool,"Wicklow, Ireland",Wicklow,IE,Thanks! Iâ€™m always happy to listen to advice ! Chat tomorrow. #wicklowhour @WicklowHour https://t.co/GrY2Nrp2cf
991779880974110720,1525293724,DecD71,"Waterford, Ireland",Waterford,IE,Liverpool should play an extra outfield player in the final &amp; last man back instead of Karius #Liverpool #ChampionsLeauge
991782317868929025,1525294305,PatByrned,"Dublin, Ireland",Meath,IE,@moran_anto I'll take a look tomorrow. I've bitten off all my nails
991774176737464321,1525292364,irishstevieg,IRELAND,Fingal,IE,Cmon the Pool #liverpoolvsroma #ChampionsLeague
991784322758823936,1525294783,BXNE__,Ireland,Kerry,IE,Half tempted to block everyone I know irl who doesnâ€™t already follow meğŸ¤¦â€â™€ï¸
991868766689476608,1525314916,RebelDublin,"Dublin City, Ireland",Dublin City,IE,"Confirmed: Thereâ€™s No More â€˜Charactersâ€™ Around Town Anymore: A RECENT survey taken among the rural Ireland population has confirmed what many have feared for a long time, the classic Irish â€˜character around townâ€™ may be in danger of dying out completely.â€¦ https://t.co/fVGZBLA0CQ https://t.co/vouJlcuVw5"
991818644731715584,1525302966,Squarzelfitz,"Cork, Ireland",Cork,IE,"@KyleKashuv Plaque in Cork, Ireland. This is what gun control did for the Irish. Over 3 million people died https://t.co/aosay4QCId"
991825691170820096,1525304646,KickAssCantona,"Dublin City, Ireland",Dublin City,IE,@anniewallace John is a disgusting homophobe ğŸ¤¦â€â™‚ï¸ğŸ˜¡
991719470409306112,1525279321,MMFitness_IE,Ireland,Dublin City,IE,"@OHFitness_ie just loved your journey! i have something inspiring for you â™¥ï¸ğŸ’šğŸ’›ğŸ§¡ğŸŒ
https://t.co/ggFXhxMOxw"
991711379613798400,1525277392,mich_fds,"Dublin City, Ireland",Dun Laoghaire-Rathdown,IE,@shanebreslin @buffer I was dipping my feet in sandycoveğŸ˜‚
991713204148588544,1525277827,mulligannaomia,"Dublin City, Ireland",Dublin City,IE,"I discussed this @Qaoileann a few weeks, give the unborn rights in legislation, subject to the constitutional rights of the mother. No real prospect of the government wanting to give a fetus no rights. There is a solytion https://t.co/9we1Lv4K3r"
tweet_id,tweet_created_at_ts,user_screen_name,user_location,tweet_place_name,tweet_place_country_code,tweet_text
992219607611133952,1525398563,RatedR2012,Ireland,Laois,IE,@joelcomm Is that the same place when Elias (WWE) played there when the WWE had the WrestleMania week in New Orleans?
992219678922674176,1525398580,RatedR2012,Ireland,Laois,IE,@OMJason Red Sox are losing right now
992036673054789633,1525354948,briodybeds,"Meath, Ireland",Meath,IE,"Day 3 of #bettersleepmonth 
All our beds &amp; sprung units are manufactured in-house so you can have confidence that buying Briody means buying quality
#allstarproduct #pitch4progress #manufacturing #makeitmeath #briodybeds https://t.co/qroiviQgIK"
992030276745355269,1525353423,lisamacks,"Limerick, Ireland",Limerick,IE,"Great to see #Repealthe8th edited by @UnaMullally on the bestseller wall in @OMahonysBooks 
@WeeMissBea @TaraFlynn @sineadgleeson @SwearyLady @caitlinmoran @oneilllo #anneenright https://t.co/AFGytxwhbk"
992154612668002304,1525383067,Zeus5045,"Dublin, Republic of Ireland.",Dublin City,IE,"@guacamayan Read everything with great interest. You made me read, as I love to do anyway. Your final comment, as above, suggests the problem is very great; once the rule of law is threatened or appears to be, then there is a cascade of threats to daily living. God help us; but He won't."
992153903838920709,1525382898,Andieeee__,"Waterford, Ireland",Waterford,IE,@Eva_TWx @iGomezLovatic She had been going well for so long it was bound to happen ğŸ˜‚ğŸ¤£. Clumsy Demi is back ğŸ˜‚. Yeah it might not be a bad fracture &amp; she had 3 weeks so fingers crossed ğŸ¤ğŸ» â™¥ï¸. I don't care if she just sits on a chair and just sings &amp; doesn't dance with the dancers I just wanna..
992157112477405185,1525383663,Jane_Ox,Ireland,Meath,IE,@uuuhhhlyssa  https://t.co/RM0arYWNoS
992155539625869313,1525383288,KickAssCantona,"Dublin City, Ireland",Dublin City,IE,Ronaldo has scored for Marseille
992152796563759105,1525382634,KarenBrownSauce,"Galway, Ireland",Galway,IE,Lung cancer took my aunt and uncle last year. Warnings on the boxes after you've bought them are clearly doing a great job... https://t.co/ZFrWyaMwMo
992148199593914369,1525381538,mussystephen,"Cork, Ireland",Cork,IE,its is wat it is ...We move forward now
992158207190749190,1525383924,Watersun555,Dublin Ireland ,South Dublin,IE,Listen: Sky News daily podcast https://t.co/HAQjVJibiD https://t.co/sp8Wzg5PNZ
992151659907252224,1525382363,Naoisemorza,"Dublin, Ireland",Dublin City,IE,"Well that was frustrating, Wenger finishes his career vs Huddersfield not a European final. #ATMAFC"
992154562332160002,1525383055,HLegg1983,"Dublin, Ireland",Dun Laoghaire-Rathdown,IE,@simonrug James Bond?
992161797510746112,1525384780,OLIVIADANIELLE_,Athlone Ireland,Roscommon,IE,@RTEArena @AllIrelandDram1 @athloneie Looking forward to it all &amp; welcoming all the #RteAllIrelanddramafestival #groups &amp; #visitors from each county @OLIVIADANIELLE_ @athloneie  #oliviadanielle https://t.co/Tz7XRF3CNb
992159259965222912,1525384175,nettlebum77,"Waterford, Ireland",Waterford,IE,@MahonyNicola @gemmaod1 @tats1403 Fuck sake please tell me this is going to close in on them
992154159687364608,1525382959,munstergirl93,"Limerick, Ireland",Limerick,IE,@LilMissFoxtail Shit did you draw that?! Unreal Emma!!
992147041945038848,1525381262,gemsonkat,Ireland,Waterford,IE,https://t.co/WrWDqOCPHa
992113579825532928,1525373284,itsdee_again,Ireland,Meath,IE,@cyah_zwide Thank u love
992111600105676800,1525372812,ChasingRubies2,Tipperary/Limerick Ireland,Limerick,IE,"Honestly they looked about 14, they probably werenâ€™t old enough to have sex, let alone being discussing abortion in that graphic detail ğŸ˜· like how do they get away with this??"
992104977287041024,1525371233,LeluCosta,"Dublin City, Ireland",Dublin City,IE,Quem Ã© Avengers ou Thanos perto de Deadpool? https://t.co/DLyaXNRCiT
992107871356715010,1525371923,BOMaoileoin,"Waterford, Ireland",Kilkenny,IE,Couldn't help but think of that infamous beach scene from Kevin and Perry Go Large #yikes https://t.co/So96EHdU29
992101961586610176,1525370514,GastroGays,Ireland,Dublin City,IE,"At the launch of @cathaypacificUK direct flight from Dublin to Hong Kong, starting June 2. The canapÃ© menu is RIGHT up our street ğŸ˜ğŸ˜#HKNonStop https://t.co/xxb3zQJ1OH"
992127546849361928,1525376614,PadraigFahy,"Carlow, Ireland by way of Monaghan.",Carlow,IE,@NiamhFitz They don't have them :( must be all out.
992120466843340800,1525374926,OgreSwamp,"Dun Laoghaire, Ireland",Dun Laoghaire-Rathdown,IE,"@liamdunne Their tech team investigating. Seems like a bug on https://t.co/uX1ataE6Rp 
Iâ€™ll try to send a new maill will save the content this time :)"
992120571721895936,1525374951,KickAssCantona,"Dublin City, Ireland",Dublin City,IE,This episode is concentrating on Kerri-Ann &amp; Decco does that mean it was one of them #FairCity
992120580102029312,1525374953,GaryTraynor1,"Galway, Ireland",Galway,IE,@declanvarley What channel Dec?
992130361214820353,1525377285,ChasingRubies2,Tipperary/Limerick Ireland,Limerick,IE,"@FitznBitz I agree wholeheartedly! Iâ€™d genuinely love to debate it but in my experience, they canâ€™t actually back up what theyâ€™re saying and sensationalise everything!"
992122119399133186,1525375320,CiaraWalsh3,"Galway, Ireland",Kildare,IE,@Chellers_Moore @Lynseybo92 @edsheeran A terrible handicap
992122295568216064,1525375362,pa_pendy,ireland,Galway,IE,Anyone a link to the @Arsenal game guys
992130478667857920,1525377313,KickAssCantona,"Dublin City, Ireland",Dublin City,IE,Itâ€™s not over yet Arse only need 1 to get it to Pens
992119716054556673,1525374747,mrsscanlan,"Wicklow, Ireland",Wicklow,IE,@Dubl1nJo He was a nightmare for stuff like thatğŸ¤£ğŸ¤£gas though!
992118059338010631,1525374352,FindingRachel_,"Arklow, Co. Wicklow, Ireland",West Meath,IE,"Half way through internship, and I could not have done it without this beautyâ€¦ https://t.co/8ZXPOU5z8i"
992129539131179008,1525377089,ethanohanlon1,"Louth, Ireland",Louth,IE,american commentators do me nut in
992122102638575619,1525375316,peterc83,"Dublin, Ireland",Dublin City,IE,Didnâ€™t take her long to find Maria did it ğŸ¤·ğŸ»â€â™‚ï¸ https://t.co/ntLwMHVXIY
992124073936392193,1525375786,iamroof,Ireland,Roscommon,IE,@burnedoutdodie @emmablackery Breakdown? Excuse me? We were all completely cool and composed at all times.
992195922372198401,1525392916,ellesmxth,Ireland,Dublin City,IE,Iâ€™ve just watched this on loop for the last 20 minutes  https://t.co/uHFrHr4nqf
992204382296006656,1525394933,faten_saud_,Ireland /KSA ğŸ‡¸ğŸ‡¦,Galway,IE,Ø§Ù„Ù„Ù‡ ÙŠÙˆÙÙ‚Ù‡Ø§ Ø§Ù„ÙŠ ØªÙ‚Ø±Ø¨ Ù„Ùƒ ÙˆÙŠØ³Ø¹Ø¯Ù‡Ø§ Ø¨Ø³ Ø§Ù†Ø§ 511 #ØµØ±Ø§Ø­Ø©
991958386349666304,1525336283,TomFagan87,Dublin Ireland,Dublin City,IE,@itvfootball @LFC Utter scumbag https://t.co/FakBzCDciU
991958872918290435,1525336399,EDDIEBARRETT,"Co. Kerry , Ireland",Kerry,IE,"It seems that #HealthMinister  #SimonHarris is blocking everyone, including myself too - #Democracy - or the lack of it - typical @FineGael style https://t.co/rq1F8u9Kf0"
991954666010230784,1525335396,tmj_dub_acct,"Dublin, Ireland",Dublin City,IE,"Are you located in #Dublin, County Dublin and looking for a new career opportunity? Check out our latest opening for a Fund Accountant, Private Equity. https://t.co/FFck4A2Ryr #CareerArc"
991959497865351168,1525336548,Islandfielder,Ireland,Dublin City,IE,Interesting role at the Abbey. Please feel free to share and retweet. https://t.co/0BQlZA6sEX
991954217215676416,1525335289,skysketcher,Ireland,Mayo,IE,Wish this was an International scheme ğŸ˜• https://t.co/OeIZS86Ydk
991961565657169922,1525337041,SexSiopa,Ireland,Dublin City,IE,"@chizmund I literally just woke up and that has set me up for the rest of the day. Seattle, I love you so much! ğŸ˜‚ğŸ’–"
991963021059739649,1525337388,Victoriamary,"Dublin, Ireland",Dublin City,IE,Needs to be on @TheEllenShow !!! https://t.co/9tCWidDde8
991950853379682304,1525334487,coopershill1,"Galway,Ireland",Galway,IE,"Cutest 2015 #Connemarapony filly for sale in Galway, Ireland.
14h approx grey filly, unhandled but approachable.
Sire: Oisin na CoillteDubh
Dam: Murphy's Girl
Reg Name: Regan's Lady.
Contact James +353833168366 https://t.co/AyNhY5M5ul"
991972231747121152,1525339584,HaloTiles,Ireland ,Wexford,IE,The excitement is building. We canâ€™t wait to showcase our new collections atâ€¦ https://t.co/ylaLpgWidT
991966594619277312,1525338240,trisha460,"West Meath, Ireland",Cavan,IE,Congrats to @carolewyer and @ShaliniBoland Brilliant news @bookouture https://t.co/FbnUME8KFr
991966091298725888,1525338120,KevinKelly1992,"Dublin City, Ireland",Dublin City,IE,@PrometheusX1Z Pink Pogba I still canâ€™t cope ffs
991979806668525568,1525341390,JoanneCSheahan,Ireland,Fingal,IE,.@Entirl Gearoid Mooney speaking this morning @irdggroup conference @CrownePlazaBlan - â€œInnovation is necessary to maintain &amp; grow exports... Evidence shows R&amp;D active companies achieve more exports than non R&amp;D active companies...â€ #GlobalAmbition #IrishAdvantage https://t.co/o4QJ6CCl7z
991980486141595649,1525341552,NewToMyHome,Ireland,Dublin City,IE,"Apartment 6, Block 4 The Watermill, Artane,.. â‡¨ POA | Apartment 62 mÂ² / 667 ftÂ² Fo.. | https://t.co/pYLEqAze4K | #dublin #artane"
992044893903245312,1525356908,NewToMyHome,Ireland,Carlow,IE,"Knockclongad, Garryhill, Co. Carlow â‡¨ â‚¬485,000 | 5 Bed Detached House 367 mÂ² .. | https://t.co/T2pyY419S4 | #carlow #myshall"
992049436334411776,1525357991,Ger_Ireland,Ireland,Galway,IE,@alanshearer We love Newcastle here in Ireland https://t.co/4bfPf9DmNQ
992049872537837569,1525358095,sunbabe08,"cork, ireland",Cork,IE,Pretty much https://t.co/wQglFxtMgl
992054154888728576,1525359116,makeup_byrachel,"Donegal, Ireland",Donegal,IE,"ALL EYES ON ME ğŸ‘€ğŸ¤©
â€¢ PRODUCTS USED
@ABHcosmetics Dipbrow Pomade Shade Ebony,â€¦ https://t.co/7r2ynd2FAZ"
992053634799153152,1525358992,AirfieldEstate,"Dublin, Ireland",Dun Laoghaire-Rathdown,IE,"We had a mental block to own brand, then the crash happened! #AirfieldFoodSeries"
992238255482400770,1525403009,RatedR2012,Ireland,Laois,IE,@KyleJackson_WWE Kurt Angle liked this https://t.co/HrIqw41GWg
992238767200124930,1525403131,aislingb,"Dublin, Ireland",Meath,IE,https://t.co/FCNSRNuQ66
992239983556681728,1525403421,VK_HM,"Dublin, Ireland",Dublin City,IE,@moistrap Harsh but fair.
992024710903934978,1525352096,NewToMyHome,Ireland,Kildare,IE,"St. Raphaels, Ballyburn Upper, Castledermot.. â‡¨ â‚¬225,000 | 3 Bed 120 mÂ² / 1292 ftÂ² For .. | https://t.co/yAzzmBoWt3 | #castledermot"
992016108357070848,1525350045,Robcass78,"Dungarvan, Waterford, Ireland",Waterford,IE,"@jmcurtin @iiea 6bn.The @DenisNaughten &amp; @Dept_CCAE legacy. That's a lot of schools not built. A lot of jobs (about 60,000 on 100k per job.) A lot of private sector payrises or tax credits. It would fund childcare for 10 years. It would build 40,000 social homes. @CAugustenborg @paulodonoghue93"
992021078615691264,1525351230,pmg2018,"Dublin City, Ireland",South Dublin,IE,@uptheBrexiteers @NigelAWatson @HRConsultant2 @BBCNewsNI  https://t.co/hrXwcCazPE
992017765144973313,1525350440,ChristopherW999,"Waterford, Ireland",Waterford,IE,@BuffBuilders Of course! And we need photos! x
992018675279581185,1525350657,sorcgirl,West of Ireland ,Sligo,IE,@askpermanenttsb Could you please put two tellers on at the Sligo branch 1-2pm?! Over ten people in queue and only one teller on. Prioritise customers. #PTSB
992011226220826624,1525348881,_giveitago,"Galway, Ireland",Galway,IE,"Galway kayak tours.
You can do it.
See Galway from a differentâ€¦ https://t.co/RqsF87VDBV"
991999796713082880,1525346156,littleolearns,"Dublin City, Ireland",Dublin City,IE,"There will always be consequences to being more open and honest - Heba Aly @irinnews
@HebaJournalist #dochas2018 #changingthenarrative"
992000442661068801,1525346310,kencottermusic,"Cork, Ireland",Cork,IE,Of course he did... https://t.co/Vi4ZvhZVBJ
992005505177419776,1525347517,tmj_dub_writing,"Dublin, Ireland",Dublin City,IE,"We're #hiring! Click to apply: Engineer III, Field Service - https://t.co/OQoZr5WkmX #SkilledTrade #Dublin, County Dublin #Job #Jobs #CareerArc"
992000631375323136,1525346355,jasonpobrien,"Dublin, Ireland",Dublin City,IE,"@dugganbarry Meh, so did Real. Semi finals are about winning."
992086543333388289,1525366838,sunbabe08,"cork, ireland",Cork,IE,Yeah I'm guilty of bad takes that I honestly don't remember tweeting. ğŸ¤¦ Jesus almighty
992101093348904961,1525370307,GCNmag,Ireland,Dublin City,IE,ğŸ˜ğŸ˜­ğŸŒˆTFW you come across a MASSIVE queue of total sounders waiting to get into the @Together4yes pop-up shop to support a yes vote by buying merch to represent! #TogetherforYes #Repealthe8th https://t.co/FJwV8vIo7A
992101340817043456,1525370366,uguilfoyle,"Sligo, Ireland",Fingal,IE,@S1d_Tr0tter We don't want to paint ourselves into a corner.
992169032689356802,1525386505,mhuge10,Ireland,Offaly,IE,"#TonightTV3 Folks why no examination of the HSE/union employment contracts of work..... that's where the ""it's not my job"" mentality begins @cooper_m"
992170278389272577,1525386802,Aodhgan2e,"Shannon, Ireland",Clare,IE,@Essiejosie Haha ğŸ˜‚ https://t.co/nGUrLqA5bE
992166411245060097,1525385880,Watersun555,Dublin Ireland ,South Dublin,IE,https://t.co/RjXA0FAdxk
992168122533793793,1525386288,Aodhgan2e,"Shannon, Ireland",Clare,IE,"@Essiejosie Not sure ğŸ¤” 
I changed mine around 2145. But I just use the app."
992167329810219009,1525386099,devaxxblaire,Ireland,Dublin City,IE,@tebiflex @TebiRex ğŸ˜ https://t.co/WIVQhcDp3u
992070823086362629,1525363090,margaret0connor,Ireland,Dublin City,IE,"#Repost @mcbride_caitlin with get_repost
ãƒ»ãƒ»ãƒ»
Spoke to the lovely, articulateâ€¦ https://t.co/3LHBup43Ag"
992070659491663872,1525363051,sophiadongo,"South Dublin, Ireland",South Dublin,IE,ğŸ¤§ğŸ˜‚ https://t.co/4EE8MtLHRf
992066855245418496,1525362144,DonaghCorby_,"Dublin City, Ireland",Dublin City,IE,Iâ€™m all subscribed to @OpieRadio on @WestwoodOne! Canâ€™t wait for the 9th now ğŸ˜ƒğŸ˜ƒ https://t.co/0blB7oe2B7
992070412027809793,1525362992,pwahlrab,Kells Meath Ireland,Fingal,IE,@otuathail @HSELive Agree but who pays for the alternative?
991938291460116481,1525331492,WritersWeek,Listowel Co Kerry Ireland,Kerry,IE,"Seconded! @PJLynchArt has been just wonderful! Big arty boots to fill. Congrats PJ, thank you for coming to #ListowelWW https://t.co/uo2XhDtKq1"
991937704257642496,1525331352,AnudairyIRL,"Cork, Ireland",Cork,IE,"Setting metrics like increasing soil organic matter, biodiversity water quality will all help foster the right innovation
Working to reduce &amp; eliminate the use of pesticides, herbicides fungicides
Escaping the current supply chain model of too many slices of the pie. 
#blockchain https://t.co/eEmq8hk4WC"
991946747164463104,1525333508,HerbertSchuber2,Green Hills of Ireland ,South Tipperary,IE,.....meanwhile I stick with the traditional department of pottery #recentfinds #doneforcenturies @hill13_graham https://t.co/vpaVE2BBhm
991938899609038848,1525331637,MartyMtweets,"Dublin, Ireland",Dublin City,IE,@AtlanteanPete Liar..
992143866873765888,1525380505,KelvynOdejoke,"Dublin, Ireland ",Dublin City,IE,Sometimes you gotta break down to build up !!!!
992132865210179584,1525377882,P_SportsZone,Ireland,Roscommon,IE,Steven Gerrard is leaving on a voluntary basis anyway https://t.co/MJjqZCkAj5
992139894863605760,1525379558,adrianjdomican,Dublin Ireland,Fingal,IE,"Passport âœ…  @Herring1967 tickets for tomorrow âœ… Richard Herring: Oh Frig, Iâ€™m 50!
Queen Elizabeth Hall
Friday 4 May 2018 8:00PM. I maybe the most excited person in the audience. https://t.co/QeaX2IpvE0"
992137428612845569,1525378970,ahkhdublin,"Dublin City, Ireland",Dublin City,IE,@realDonaldTrump @WhiteHouse  https://t.co/MKEFOYeoJY
992143455819321344,1525380407,ahkhdublin,"Dublin City, Ireland",Dublin City,IE,"@Reduta_C @StevenFulop Steven Fulop is 
COWARD!
COWARD!
COWARD!
COWARD!
COWARD!
COWARD!
COWARD!
COWARD!
COWARD!
COWARD!
COWARD!
COWARD!
COWARD!
COWARD!
COWARD!
COWARD!
COWARD!
COWARD!
COWARD!
COWARD!
COWARD!
COWARD!
COWARD!
COWARD!
COWARD!
COWARD!
COWARD!
COWARD!
COWARD!
COWARD!
COWARD!
COWARD!
COWARD!"
991987805218836480,1525343297,IrishGolferMag,Ireland,Kildare,IE,@Darth_Monty ğŸ˜‚ğŸ˜‚ğŸ˜‚ğŸ˜‚
991994130241937408,1525344805,mcnamadd,"Galway, Ireland",Galway,IE,@houseofstem @SciGalleryDub @Famelab_Ireland Awesome! Thanks for the info!
991984823047606272,1525342586,tmj_dub_retail,"Dublin, Ireland",Dublin City,IE,"Join the TJX Companies, Inc. team! See our latest #job opening here: https://t.co/B5vXDZ350k #Retail #Dublin, County Dublin #Hiring #CareerArc"
991984277796655104,1525342456,SandraDilon,"Dublin City, Ireland",Dublin City,IE,https://t.co/heHZwsRXTP
991983774467575809,1525342336,aoifemccrum,"Dublin, Ireland",Dun Laoghaire-Rathdown,IE,First 3 speakers in the @AirfieldEstate #airfieldfoodseries - looking forward to the mix of presentations! https://t.co/uk347TrFzj
991991395547340802,1525344153,lustforlife,"Dublin City, Ireland",Dublin City,IE,"""I have a young boy, he's 9, I want him to be open, and learn to manage his own emotions."" - Alan Quinlan"
991983061461094401,1525342166,Queen_Maritza1,"Dublin City, Ireland",Dublin City,IE,@faugheen1 Thatâ€™s not the point tho ye prick..
991987704551395329,1525343273,YaqiAli,"Kerry, Ireland",Kerry,IE,"Gorgeous Green Tourmalines 4.5 cts Faceted Natural Untreated. 

Origin:â€¦ https://t.co/0mLLxSnVOe"
992086002268278784,1525366709,alicexfpjones,"Wexford, Ireland",Wexford,IE,@alltoowheeler Sameee I was like can you not
992078192444878849,1525364847,TrendsIreland,Ireland,Ireland,IE,"Ciara ğŸ¹, @ciaragannxn is now trending in Ireland

https://t.co/TjlvS2l8km https://t.co/VnBhhDXiZA"
992078880323330049,1525365011,margaretbmadden,Ireland,Louth,IE,@katiew137 I got @supermacsire instead. SO good https://t.co/ZhycS4ZzI6
992076787353096192,1525364512,EdwardOoo7,Ireland,Monaghan,IE,Bear knows.... https://t.co/wfY8fRPrzv
tweet_id,tweet_created_at_ts,user_screen_name,user_location,tweet_place_name,tweet_place_country_code,tweet_text
992399312586969089,1525441408,SineadLehane1,"Cork, Ireland ğŸ“",Cork,IE,@bbcradioulster @BegleyPhilomena @iamNATHANCARTER @ItsMeHugoD @TheWillisClan Brilliant performance from Nathan carter singing give it to me and the wagon Wheel.  I love your new song Nathan give it to me. #giveittome
992395504125399040,1525440500,KarloMaz,"Dublin City, Ireland",Dublin City,IE,"Canâ€™t wait to try this spot

I love baos ğŸ˜ https://t.co/qT3ql8iDsr"
992397722937364480,1525441029,LeluCosta,"Dublin City, Ireland",Dublin City,IE,"Desculpe se te ofendi, era a intenÃ§Ã£o."
992393499285884928,1525440022,JamesGunn12,"Donegal, Ireland",Donegal,IE,I really can't wait to be in Amsterdam and watching Liverpool in the European Cup final while I'm there ğŸ’¯ğŸ”´
992389866993455105,1525439156,Agata04849873,"Dublin City, Ireland",Dun Laoghaire-Rathdown,IE,@PKitaDziedzic @Cenckiewicz Dyplomacja grilluje. ..kolejny juÅ¼ dzieÅ„; -)
992388889708040192,1525438923,reeceisnotafox,"Wicklow, Ireland",Wicklow,IE,I am disgusted https://t.co/MoMnQ5zb8J
992389036529606657,1525438958,eimeardeschemer,"Carlow, Ireland",Kilkenny,IE,I got mine in my pocket and Iâ€™m all excited ğŸ‘ğŸ‘ğŸ‘ https://t.co/GIzglFDkoq
992402571527585792,1525442185,WanderersWomen,"Merrion Road, Dublin, Ireland",Dublin City,IE,Thanks to a few lovely salads from Sprout &amp; Co this motley crew are ready to see out the rest of the afternoon in the office! #womensrugby #leinsterwomensrugby https://t.co/JFHQU3YDJu
992517176706895872,1525469509,moritzadler,"Dublin City, Ireland",Dublin City,IE,"Such a wonderful, powerful idea. #repealth8th #repealthe8th https://t.co/dIDNhZH8Nq"
992512965646651392,1525468505,logiebear196725,"Donegal, Ireland",Donegal,IE,"@TheUnitedWay_ LVG bought poor players but so has Jose.Pogba has been average at best,Miki was poor, Lindelof looks average and Sanchez has been largely disappointing. The football is awful to watch, teams below United have spent far less moneybut they  play entertaining football"
992509333362618368,1525467639,johnpeavoy,"Cork, Ireland",Cork,IE,Not acceptable Anto. Weâ€™re not Liverpool FFS! We canâ€™t have this any more. Enough is enough. Players look totally disinterested. Needs change. https://t.co/8AVZCbjs0C
992518107825606659,1525469731,opersson1986,"Dublin, Ireland",Dublin City,IE,@john_mcguirk Right here for everyone to see John. Hardly easy for people to see who ran the ad on a half page press copy. Why are you afraid for people to see who run the ad? You obviously think very little of the electorate if you think this will work. https://t.co/lYXMoNFWJ5
992511107532238849,1525468062,cormacpro,"Mayo, Ireland",Mayo,IE,Bring back @DavidTenorLynn https://t.co/SbMqrHNXhN
992514890827993090,1525468964,patrick1386,"Dublin City, Ireland",Fingal,IE,"@ThatWendyLee @freddybinyusuf @notmyname72 @emmacpicken @EuanPhilipps @JewsagainstJC @GnasherJew @CrispianWheldon @worgztheowl @a_nitak @billybragg @mrjamesob @LabourAgainstAS Correction, LAAS"
992523283617796097,1525470965,tonyflood98,"Dublin City, Ireland",Wicklow,IE,@PearseDoherty @nomorequangos @fiannafailparty That was ten minutes ago please their position has changed twice since then ğŸ˜ğŸ˜¯
992520410515361793,1525470280,ElChiefMoore,"Dublin City, Ireland",Dublin City,IE,Wonder if he boiled them with his denim. https://t.co/VnZcoc9iXj
992513603147390977,1525468657,swirlandthread,"Cork, Ireland",Cork,IE,@BooksOfAllKinds @BookMinxSJV @kaishajayneh @karendennise @noveldeelights @JoannaLouisePar Tx Linda ğŸ¤©
992477393729224704,1525460024,SeeChangeIRL,Ireland,Dublin City,IE,@SeanLyons1 @MentalHealth_Hr Absolutely. Words have different connotations over time and in different contexts. How we view language changes in the same way attitudes and behaviours change.
992468472461430785,1525457897,CaoimhinReilly,"Dundalk, Co. Louth, Ireland",Waterford,IE,Itâ€™s not quite Limerick but thereâ€™s entertainment value both on/off the pitch tonight... https://t.co/ohsu8XtvwR
992470007576776713,1525458263,colmoleary,"Cork, Ireland",Cork,IE,@Richardjcronin @corkcitycouncil @CorkCityPPN Steady on now! ğŸ¤¨
992492321257213953,1525463583,killeedygaa,Raheenagh Co. Limerick Ireland,Limerick,IE,@BordnogLimerick U8 Regional Hurling Blitz held in @killeedygaa Raheenagh. Thank you to @noellkgm &amp; @EoinORiain for organising. Some of the club's were @TournafullaGAA @NCWGAA @KnockaderryGAA @MonageaCLG @drombroafordgaa @stkierans_gaa @CTBGAA @AdareGAA @CroaghKilfnyGaa @FeohGaa https://t.co/Z65PDOzqo2
992493676038324226,1525463906,findavenue,Dublin/ Ireland,Dublin City,IE,Dublin is shining as is this brand new rooftop Venue @opiumdublin #classâ€¦ https://t.co/ALzL3OlErj
992491897657540608,1525463482,meltedlaughter,Ireland,Galway,IE,"They seem like little skulls to me. Maybe a Halloween wallpaper...

#patternâ€¦ https://t.co/LnXK77WFdl"
992479268591546369,1525460471,yasminkai,"dublin, ireland. ",South Dublin,IE,@pcrkies @skittlesketches @DONBROCO @RobDamiani @TheLaFontaines @yungblud ğŸ˜­ğŸ˜­ğŸ˜­
992635317671878656,1525497676,enzo_dowling,Ireland ,Kildare,IE,@CarlonetCarlo @iefun_ @_Carol2018 @deepaksaxena88  https://t.co/Z3OVX1u4nb
992637460965412865,1525498187,JimQuinlan007,"Limerick, Ireland",Limerick,IE,"Tad tipsy last after super dinner at  â€˜The Old Fire station â€˜, with their  BYO B policy ,  Do wear ur  shades though guys  ,plenty of factor 50 and uâ€™ll be â€˜grand â€˜.Great balls of fire ğŸ”¥ â€˜ .#RiverfestLimerick . https://t.co/4rWyiur1ZM"
992296547931979776,1525416907,KarloMaz,"Dublin City, Ireland",Dublin City,IE,"@jesskellynt Iâ€™m on a GDPR Awareness Group in work 
FUN FUN FUN ğŸ‘€ https://t.co/6DtvJjwgpL"
992294467565584387,1525416411,bernardoshea1,"killarney, ireland",Kerry,IE,Car crash incoming ğŸ˜³ https://t.co/voP3MKkBNN
992560503879819264,1525479839,Michelle_Brady,"Dublin City, Ireland",Dublin City,IE,Fridays ğŸ» https://t.co/vOPbk4r3gd
992558972933722113,1525479474,Niamh_156,"Dublin City, Ireland",Dublin City,IE,Awh wouldnâ€™t ye be sick of everyoneâ€™s shite moods rubbing off on ye
992566933739450369,1525481372,logiebear196725,"Donegal, Ireland",Donegal,IE,"@badangelfemale I donâ€™t care about Spain or Germany as itâ€™s irrelevantğŸ˜the facts are United have spent huge money under LVG and Mourinho and arenâ€™t competing to win elite trophies, the football is dreadful to watch and United have lost their identityğŸ˜"
992326411389210624,1525424027,NewToMyHome,Ireland,Mayo,IE,"Mullenmore South , Crossmolina, Mayo â‡¨ POA | Site 13.5 Acres For Sale By .. | https://t.co/jZ293rtGPz | #mayo #crossmolina"
992323236275937282,1525423270,NewToMyHome,Ireland,Louth,IE,"An Rian, Drogheda, Louth â‡¨ â‚¬297,500 | 4 Bed Detached House 158 mÂ² .. | https://t.co/t6XkZ84Rn8 | #louth #drogheda"
992326847575810049,1525424131,sunbabe08,"cork, ireland",Cork,IE,@NeilRedFM Actually was walking along the lough on Monday with my friend and we were wondering what was going on with the fish. They didn't look healthy ğŸ˜
992316110157635584,1525421571,StanMassueras,"Dublin City, Ireland",Dublin City,IE,My favorite song of year 2000 was this tune from @radiosoulwax. Sometimes life send you small signals like this one https://t.co/nGdct96bTZ
992316265338494977,1525421608,Sloosh14,"Cork, Ireland",Kerry,IE,@daithi_62 @tonyleen Never ever replaced the likes of Gilberto! Criminal looking back through the years ğŸ˜ 
992334711912574976,1525426006,NasheDouch,"Meath, Ireland",Meath,IE,ğŸ”¥ https://t.co/cUMocFaUut
992341561181638656,1525427639,mussystephen,"Cork, Ireland",Cork,IE,We can all bitch and moan and moan again on here about last night but thats not going to change the result ..Wats done is done ..Now we move forward..
992336284785004544,1525426381,unitedscotirish,Ireland,Kildare,IE,"Woke up on Tuesday with a spot above my eyebrow, then on Thursday got one below my lip now this morning one on my lip.. Whatâ€™s the story Iâ€™m 40 not 14... Stop with the teenage acne!!! You could seriously join them up and make a lovely dot to dot picture... https://t.co/AdDdHzVBlH"
992337069094600704,1525426568,Cal_Irish_Beast,"Cork, Ireland",Cork,IE,@TheeHappyDalek @Hustler2754 @BrockLesnar @SamoaJoe How on earth does @SamoaJoe suck.He cuts amazing promos and amazing matches.Have you watched him in Nxt?Heâ€™s doing everything right in the main roster.If he sucks why does he get a massive pop every night
992337178146549760,1525426594,trekaddict,west of Ireland,Mayo,IE,@TheKateMulgrew next time youâ€™re in Westport give me a shout Iâ€™d love to have a cuppa with you
992337232697659392,1525426607,OMGitsagirl2015,Ireland,Laois,IE,@JessHelicopter @PlutoniumSox @Pickinguptoys @HooksandDragons @moderndadpages @DaddyPoppinsBlg @CuddleFairy @Mamazouu @mama_tude @TheStentedPapa @EChanagasubbay @islandliving365 @nottinghilldady @loveofacaptain @dadvworld I must be tele-pathetic ğŸ˜‚ğŸ˜‚ğŸ˜‚
992329066362613763,1525424660,PriceChanges,Ireland,Fingal,IE,"â‡© 4.17% â‚¬239K â‡¨ â‚¬229K https://t.co/wP4r37oW8t 11 Allendale Elms, Clonsilla,   Dublin 15 #dublin #clonsilla"
992341087225368576,1525427526,shellakeypookey,"Wexford, Ireland",Wexford,IE,#maythe4thbewithyou https://t.co/cBxJIBRhXt
992341963834830848,1525427735,vidabailey2,Ireland,Dublin City,IE,@19syllables @JacksInkyArm I read it as less rappers! Arg! https://t.co/wup7LLHXG0
992330865740050432,1525425089,barryak74,"Waterford, Ireland",Waterford,IE,#ootd #ootdmen#ootdfashion #mensfashion#dappergent #dapper #styleâ€¦ https://t.co/Pn50lS93cV
992339388569964544,1525427121,shellakeypookey,"Wexford, Ireland",Wexford,IE,#MissingCat https://t.co/AQqxfBKSXm
992339262740881408,1525427091,SPINSouthWest,Ireland,Limerick,IE,Thanks to @LimerickCouncil @RiverfestLmk for our @funkydonutandco treats! ğŸ’—ğŸ© https://t.co/z8z4bAQnna
992332828653256704,1525425557,gym_trition,"Dublin City, Ireland",Dublin City,IE,Back in the mix @gym_trition @PHILSUCKOJNR @ Gym Trition https://t.co/WPIJlSEEuW
992332438570446848,1525425464,billokeeffe,"Kilkenny, Ireland.",Kilkenny,IE,@antoslats @aidan_bren @farmersjournal Always admired the kiwis that sold up in the North Island and moved to bigger units down south. And wondered who was better off long-term. The neighbour that bought them out or the lad that moved...or the banks. ğŸ¤”
992415611639816192,1525445294,GalwayLeahy,"Galway, Ireland",Cork,IE,@HSELive @inmo @burntoutRGN @cathcorbett @JamesGeoghegan9 @CatherineRotteM https://t.co/uC33g3MYN2
992412117771935744,1525444461,mighty_jar,"Dublin City, Ireland",Kildare,IE,"@meadowgroove @SeanMoncrieff @ivancorless @conorleeson @crinklecutchips @huskybill2611 Men in Black Latex
(leaves room)"
992414680483291136,1525445072,itsdee_again,Ireland,Meath,IE,Guys donâ€™t try kill urself for a retweet .
992613926738284544,1525492576,rhiiannxn,"Dublin City, Ireland",South Dublin,IE,@gothchenle YOU ARE STUNNING
992606221784858625,1525490739,ShaneOMahony10,Ireland,Dublin City,IE,"*extreme LCD Soundsystem voice

Baseball I love you, but you're killing my sleep"
992381293836099584,1525437112,cianocosgrave,"Dublin City, Ireland",Fingal,IE,#MayTheFourthBeWithYou
992383210624569344,1525437569,badgyalcici2,"Cork, Ireland",Cork,IE,Me when I walk out of the last exam of my law degree next week: https://t.co/Z95rUZDh6S
992387342030856192,1525438554,CreativeJenGoff,"Dublin, Ireland",Dublin City,IE,"Buildings that move! Dancing House (or Fred and Ginger) by Frank Gehry, Prague, Czech Republic, 1996 #designthinking #modernarchitecture https://t.co/TyBgpmKY5l"
992375736379105280,1525435787,Squarzelfitz,"Cork, Ireland",Cork,IE,@LauraLoomer @Twitter Good luck with that! Twitter hates conservatives
992384615737450496,1525437904,DKDarrenKelly,Ireland,Carlow,IE,@ThisIs_Progress I'll be sure to pack my gear
992379582551613441,1525436704,NewToMyHome,Ireland,Fingal,IE,"52 Glen Eagle House, The Oaks, Ridgewood, S.. â‡¨ â‚¬230,000 | 2 Bed Apartment  For Sale | https://t.co/QKxLuPxwgB | #dublin #swords"
992370296370933762,1525434490,TrendsDublin,"Dublin, Ireland",Dublin City,IE,"#timetotalk is now trending in #Dublin

https://t.co/DeP1aQ5Q8g https://t.co/qwQ6hmSqHk"
992367096121049088,1525433727,tmj_dub_eng,"Dublin, Ireland",Dublin City,IE,"Can you recommend anyone for this #job in #Dublin, County Dublin? https://t.co/nQX4ySmtIy #Engineering #Hiring #CareerArc"
992363979774152704,1525432984,tmj_dub_transp,"Dublin, Ireland",Dublin City,IE,"This #job might be a great fit for you: General Warehouse Operative - Hub - https://t.co/AuJhmrxeLg #Transportation #Finglas, County Dublin #Hiring #CareerArc"
992363291900080128,1525432820,lilycogan,"South Dublin, Ireland",Dublin City,IE,â€œIt is impossible to imagine modern medicine without decision-support tools. But part of the process of becoming a clinician lies in learning to see beyond the rules when the situation requires itâ€ ğŸ˜Šhttps://t.co/a7wBBOChAD
992368807401451526,1525434135,flowepower66,Ireland,Fingal,IE,"@Rosemary_Murphy @AoifeMullally Yes it is interesting Rosemary, good discussion leads to understanding and bridges the gap between seemingly polarised opinions. I'm afraid price tag was too much for me to attend maybe @LTTMedicoLegal might look at that next time #MidwivesWages"
992358883690713088,1525431769,MapAlerter,Ireland,Cork,IE,"ğŸš¦ğŸš¦ #CORK: Road works will be carried out on Main St, Innishannon from 7pm Wed 09.05.18 to 8am Sat 12.05.18. Traffic management will be in operation #RoadAlert  https://t.co/dU0CPNbP2a via @corkcoco"
992372330612617216,1525434975,uguilfoyle,"Sligo, Ireland",Fingal,IE,"@S1d_Tr0tter brilliant, https://t.co/eDEL07iDIl"
992361576408723456,1525432411,Watersun555,Dublin Ireland ,South Dublin,IE,http://217.218.67.231/Detail/2018/05/04/560566/UAE Yemen Socotra occupation
992364701173600258,1525433156,NewToMyHome,Ireland,Clare,IE,"Station Road, Lahinch, Clare â‡¨ â‚¬250,000 | 5 Bed Detached House 149.86 .. | https://t.co/5m3KW0YC3N | #clare_1 #lahinch"
992452798322302977,1525454160,JacintaMaher,"Dublin City, Ireland",Dublin City,IE,@oliviajadee @jamescharles  that would be ICONIC ğŸ˜©ğŸ˜ğŸ˜
992462386517995520,1525456446,CratloeGAAClub,"Cratloe, Co. Clare, Ireland",Clare,IE,FÃ©ile Football Doora/Barefield 2-7 Cratloe 2-4 FT
992450759919919105,1525453674,ryanlennon10,"Dublin City, Ireland",Fingal,IE,Gas seeing Cunts who think theyâ€™re twitter famous get roasted
992454530582417408,1525454573,martinmeany,"Dublin City, Ireland",Dublin City,IE,Grafton Street is riddled with people in pink. Make it your mission to talk with someone on the fence or get someone to vote. The clock is ticking on us making a positive mark on history
992450185275039745,1525453537,ie_jon,Dublin/Ireland.,Dublin City,IE,@andrevr @Apple Thatâ€™s good news. Maybe just some rogue app draining it today.
992532943091384321,1525473268,Rio17gfc,"Dublin City, Ireland",Dublin City,IE,"Lesson for the day.

U can be the smartest cunt in the world; but nothing beats people skills.... nothing ğŸ‘ğŸ»ğŸ¤™ğŸ»ğŸ¥ƒ"
992534360774627328,1525473606,eoinyk,"South Tipperary, Ireland",South Tipperary,IE,#MayThe4thBeWithYou https://t.co/Epm7mxO2L9
992537280022761472,1525474302,KickAssCantona,"Dublin City, Ireland",Dublin City,IE,@dutchingmarkets @Cait_Lawlor ğŸ¤£ğŸ¤£ğŸ¤£ğŸ¤£ğŸ¤£
992530510386810880,1525472688,_Hay_leigh_,"Athlone, Ireland",West Meath,IE,https://t.co/iAXVrBqYzr
992420770629476352,1525446524,robsmithireland,"Dublin, Ireland",Dublin City,IE,https://t.co/1fNnKZs71U
992423786346577926,1525447243,SonnBonn30,"Mallow, Co. Cork, Ireland",Cork,IE,Cinco De Mayo #work #lunchtimeentertainment ğŸ˜ƒğŸ‡²ğŸ‡½ @â€¦ https://t.co/GTfwOROiMe
992432615352303618,1525449348,allysunt15,Ireland,Galway,IE,Was pure heartbroken when I went to gmit after school to find out @JamesKavanagh_ was gone home and then seeing people I know meet him in town smh ğŸ˜­
992421290710618112,1525446648,kevinmelsop,"Cork, Ireland",Cork,IE,#MayThe4thBeWithYou #StarWarsDay https://t.co/OmGg9YRF4n
992426164512808960,1525447810,bkav2011,"Athgarvan, Co Kildare, Ireland",Kildare,IE,Great to spend a morning @curraghrace and brilliant to see the progress being made on the development. Literally a new racecourse emerging in front of your eyes. Congrats to all of the team there. Flat racing will soon have a home to be proud of. https://t.co/6JgMDUixEI
992422016350326784,1525446821,NewToMyHome,Ireland,Wicklow,IE,"Ballytunney, Brittas, Wicklow â‡¨ â‚¬445,000 | Site 27 Acres For Sale | https://t.co/7AMtVCjqdY | #wicklow"
992304340932034561,1525418765,Marie_Casserly,"Sligo, Ireland",Sligo,IE,"@brosirl @sligococo @kevinboxermoran @IndepAlliance @opwireland Yes,  it will make a big difference Chantal ğŸ‘Œ"
992304454203359234,1525418792,WyeLad2009,"Dublin City, Ireland",Dublin City,IE,@markypoohs28 Ha ha ... deal ğŸ˜‚
992298817033715713,1525417448,pmg2018,"Dublin City, Ireland",South Dublin,IE,Culture of cowardice #Arsenal FC #ATLvAFC
992307973199286278,1525419631,flowepower66,Ireland,Fingal,IE,"@Nonie_no71 @margquig @Marydoy17325965 Great, they are on sale in Lidl or Aldi at the moment, the couch Margaret mentions looks such a good idea"
992301040044134400,1525417978,Evan_Scanl0n,Ireland,Limerick,IE,I have spent over 1% of my entire existence on earth on Steam
992301266515587072,1525418032,kaigaigeek,"Dublin City, Ireland",DublÃ­n,IE,@iblY7HUM1APY0xd åœ°å‘³ã‚„ãªw
992498084256067584,1525464957,jmdemo,Ireland,Kildare,IE,@J_J_Dempsey ğŸ˜‚ğŸ˜‚ğŸ˜‚
992494082889998336,1525464003,DublinIE,"Dublin, Ireland",Dublin City,IE,Dublin: 9:01pm: sunset
992502672791138304,1525466051,victorforde,"Limerick, Ireland",Limerick,IE,@MikeOrthAtDell @DellEMCSolCtrs @VDIallStar @MauriceatDell @MikeJAtDell @des0s @MarkMileyAtDell Just donâ€™t change your shirt like Paul ğŸ¤£
992502723135275008,1525466063,finnhynes,Ireland,Wicklow,IE,@daire_shaw Wear the jumper. It might change a few votes. I went to a very conservative Opus Dei secondary for girls and I have lots of friends I expect might bite no so I hope my words help get them thinking. #repeal
992494825252540416,1525464180,denomeara,"Waterford, Ireland",Waterford,IE,Great to see Bord na Mona provide nest boxes for peregrines on their power stations while they drain and burn their resources around them    #TurfLife #rte
992505990498209792,1525466842,barrettmuego,"Meath, Ireland",Meath,IE,The one liners in the #TheCommitments . Don't know how many times I've seen it but I can't stop laughing ğŸ¤£ğŸ¤£ğŸ¤£ğŸ¤£ thxs @TV3Ireland
992494577805389825,1525464121,Master_P_7,Ireland,Meath,IE,@Darmianology @Ken_Haughton @davidcannon180
992494594578354176,1525464125,Fatma_allahuri,Oman / Ireland,Dublin City,IE,"ÙƒØ¨Ø±Øª Ø­Ø¨ÙŠØ¨Ø© Ù‚Ù„Ø¨ÙŠ ğŸ’•
@nooflahuri"
992501729106235392,1525465826,The_DMC_Clinic,"Wexford, Ireland",Wexford,IE,A guided meditation is a great way to help you learn how to ground yourselfâ€¦ https://t.co/k1Hvihx8xX
992585757792636928,1525485860,ryanlennon10,"Dublin City, Ireland",Fingal,IE,@LilUziYurt @keithhorrigan @AdamBrennan1996
992546029332520960,1525476388,DarrenHogan42,"Cork, Ireland",Cork,IE,"Didnâ€™t need a ticket to see the full #edsheeran concert tonight at all, just saw it all on Snapchat and Instagram - thatâ€™s a win for me I think!"
992541449160986624,1525475296,BorderRegionTV,Co Monaghan Ireland,Monaghan,IE,Emergency declared in Hawaii after volcanic eruption https://t.co/33MKwwVqxB
992541637871009792,1525475341,JLM_cork,"Cork, Ireland",Cork,IE,@Caccabus You should never have to justify buying something that give you joy!
992543764416815104,1525475848,aoifehorgan96,"Cork, Ireland",Cork,IE,Ed Sheeran was unrealğŸ˜
992350922872315904,1525429871,tmj_dub_cler,"Dublin, Ireland",South Dublin,IE,"Join the Xilinx team! See our latest #job opening here: https://t.co/imTbjMm62r #Clerical #Saggart, County Dublin #Hiring #CareerArc"
992346992838893569,1525428934,jbmackriell,"Mayo, Ireland",Mayo,IE,"@ClevelandGolf @ClevelandGolfEu just wanted to say thanks for the golf weights, they arrived this morning. Great customer service = Happy customer https://t.co/oAsPjkwPkp"
992352948716961792,1525430354,SeanMonaghan16,"Dublin City, Ireland",Galway,IE,"Ta-daaaa! You never know what you can find Under the ğŸŒ² at Spar. (Vernon Ave, Clontarf). Why it's my novel THE FAMILY AT No13!!! @bookouture @SPARIreland https://t.co/dYnAd05Sei"
992346711807979520,1525428867,katiemoore_art,"Mayo, Ireland",Mayo,IE,@jeeny_maltese @Nikoi So dreamy ğŸ’™
992345977813159936,1525428692,Watersun555,Dublin Ireland ,South Dublin,IE,https://t.co/7JlIEiwheq
992345440929615874,1525428564,BeccaHalligan25,Ireland,Kilkenny,IE,1 year later with this anti Christ   ğŸ–¤ https://t.co/tbp3bFXfRH
992345533200072704,1525428586,paulsweeneyman,"Dublin City, Ireland",Dublin City,IE,Add: Mac built all these houses as Housing minister not PM https://t.co/1szXtw8qSz
992354567747723264,1525430740,iaind1973,"Dublin, Ireland",Dublin City,IE,Finger on the pulse https://t.co/I81pxnYPsR
992349433919569920,1525429516,GastroGays,Ireland,Louth,IE,@farmdrop @FlahavansIRL @IrishBlkButter Do. IT. https://t.co/QoJLBTlG55
992443692496707586,1525451989,TheMovementCB,"Mayo, Ireland",Mayo,IE,Themed Keiser Spin every Thursday Night...All things Pink. Supporting the @mayopinkribbon event. https://t.co/2Mb3T1fYWi
992439301056188417,1525450942,olayree,"Dublin City, Ireland",Dublin City,IE,@OhAlicia_ Right nowwww Iâ€™m in a state of mind
992444439078547458,1525452167,SharonAnnO,"Blackrock, Dublin, Ireland ",Dun Laoghaire-Rathdown,IE,"No wonder heâ€™s against a vegan diet, dudeâ€™s a beetroot ğŸ‘€ https://t.co/N0bBN4FxTs"
992444472628862976,1525452175,DFAlkh,Ireland - Ø§Ù„ÙƒÙˆÙŠØª,Dun Laoghaire-Rathdown,IE,@AES_Q8 Ø§Ù†Ø§ Ø§ØªÙƒÙ„Ù… Ø¹Ù† Ø§Ù„ÙŠ ØºØµØ¨ Ø·ÙŠØ¨ ÙŠØªÙƒÙ„Ù…ÙˆÙ† Ø§Ù†Ù‚Ù„ÙŠØ²ÙŠğŸ™‚ğŸ”ª https://t.co/DEtETQc8Ps
992438965536985089,1525450862,kuxii,"dublin, ireland",Fingal,IE,@shanedadaly Where was he last seen? Is there anymore information? Where does he live?
tweet_id,tweet_created_at_ts,user_screen_name,user_location,tweet_place_name,tweet_place_country_code,tweet_text
992933910177861632,1525568866,wrdcsc,"Dublin, Ireland",Dublin City,IE,@Chateaubriand__ Celibates are not â€œsingleâ€ in the ordinary sense.
992763378140663808,1525528208,richy_watson,dublin ireland,Dublin City,IE,https://t.co/sxmRZwJngl
992760362440196097,1525527489,benrebooted,"Wicklow, Ireland",Dun Laoghaire-Rathdown,IE,Always love coming across a game of cricket in Ireland. Nice day for it in Marlay Park. https://t.co/kOCza5RSVs
992762254067089408,1525527940,tmj_dub_jobs,"Dublin, Ireland",Dublin City,IE,"Want to work at First Data? We're #hiring in #Dublin, County Dublin! Click for details: https://t.co/VbyxregEZP #ProductMgmt #Job #Jobs #CareerArc"
992881401686118400,1525556347,vteditor,"Clarina, Co. Limerick, Ireland",Limerick,IE,"Celebrating Vâ€™s birthday, @ Jerry Flannery's Bar https://t.co/SVKb97gmpt"
992880432780906496,1525556116,coolandbreezy_,Ireland,Wexford,IE,What a night ğŸ’¥ All glory to God ! @gforceyouth #Illuminate2018 @ Alive Churchâ€¦ https://t.co/A95E6Gsx2n
992886099298177024,1525557467,sariduridu,Ireland,Dublin City,IE,Pero cuanto tarda en morirse este niÃ±o por dios...
992881854675128320,1525556455,Audge3000,Ireland,Dublin City,IE,Keith has a neck like a jockeys ğŸ† #chancer #raydarcyshow
992837260805595136,1525545823,colmshan1990,"Midleton, Cork, Ireland",Cork,IE,Hope thatâ€™s just a horrible unfounded rumour #Fergie #MUFC
992830034053357568,1525544100,LorraineGCurran,"Co Dublin, Ireland",West Meath,IE,#Uisneach Festival of Fire. #Bealtaine https://t.co/bWfwOjAGdr
992836627495079936,1525545672,MichaelW_1997,"Cork, Ireland",Cork,IE,Thatâ€™s horrible news about Sir Alex
992841312528412672,1525546789,IvanHurley95,"Kerry, Ireland",Kerry,IE,The weather was unreal and so was the pace today at @RallyoftheLakes @IrishTarmacTROA . Rob Duggans times were just unbelievable! #ITRC #rallyofthelakes https://t.co/tQ2YbMlhHs
992831791470870534,1525544519,keyesy9,ireland,Dublin City,IE,Fucking get in!!!
992837952886771712,1525545988,Mark_Jones_MDP,"Dublin, Ireland",Dun Laoghaire-Rathdown,IE,Ireland. No better country when the sun is shining https://t.co/Px82igdTt0
992848019224776705,1525548388,Sharondublin1,"Dublin , Ireland",Dun Laoghaire-Rathdown,IE,Praying for Fergie to pull through https://t.co/8xK2wKFHew
992842377873317895,1525547043,davetheviper83,"Offaly, Ireland",Offaly,IE,@myracingtips Yes this is true I guess. Anyways this is about 300 group1s. For an Irishman this is insane and super proud of him. Heâ€™s a national icon and international ambassador for our country. ğŸ‘ŒğŸ‘ŒğŸ
993002369611960320,1525585188,ConallOM,"Dublin, Ireland",Dun Laoghaire-Rathdown,IE,"Excellent (but depressing) read.
How the eurosceptics have blown Brexit talks wide open https://t.co/CsVZ2K394t"
993004009563852800,1525585579,blueberyllium,"Sligo, Ireland",Dublin City,IE,A 16 day cleanse I was on lasted three days ğŸ˜­
992657467774570496,1525502957,jollyfellow,"Dublin City, Ireland",Wicklow,IE,The beauty of Glendalough never fails to impress #Ireland #Glendalough #discoverIreland https://t.co/zkIV62OPR1
992926171695329281,1525567021,TrendsDublin,"Dublin, Ireland",Dublin City,IE,"Simon Zebo, @simonzebo is now trending in #Dublin

https://t.co/75kB4ux5Fy https://t.co/5d3gUhPO50"
992683690567315456,1525509209,PaulineLavin,"Dublin City, Ireland",Fingal,IE,"hilarious spot on @MarinaHyde ğŸ˜…ğŸ˜†..Death by sex and television? How very Trump

https://t.co/dXaVASnW8K"
992683325658730496,1525509122,danoconnorpga,"Athlone, Ireland",Roscommon,IE,@AlisonE93
992676644128264192,1525507529,KellieOsheaaaa,"Mayo, Ireland",Mayo,IE,Me https://t.co/NLF79zcU6H
992677881468907520,1525507824,delavie,Ireland,Wexford,IE,@Claredaisy I canâ€™t watch him....the vile shite he spews &amp; that fucking hand gesture!! ğŸ‘ŒğŸ» #Rage
992699175954509826,1525512901,susanmaxwell777,Ireland,Dublin City,IE,"Beautiful image from 
Heather Stilufsen #CincoDeMayo #spain https://t.co/KTcwPlowce"
992699217901694976,1525512911,carmelgrant,"Waterford, Ireland",Waterford,IE,@deric_hartigan Fab photo
992703026321350656,1525513819,NewToMyHome,Ireland,Dun Laoghaire-Rathdown,IE,"Arlington, 9 Bray Road, Foxrock,   Dublin 1.. â‡¨ â‚¬845,000 | 3 Bed Semi-Detached House 18.. | https://t.co/npW8leCKqA | #dublin #foxrock"
992704435615862784,1525514155,JazzBallydehob,"West Cork, Ireland",Cork,IE,"Good Morning !
Thank you to Jimbino Vegan &amp; the Jazz Cannibals, Runawayâ€¦ https://t.co/hRK9eGLwKO"
992693903693373440,1525511644,DermotLeary,"Dublin City, Ireland",Fingal,IE,"@DermotLeary @justeconomics 
Meantime, Government in the guise of Privatising State-owned Bus Services, are creating more low paid jobs to add to masses unable to afford to buy or rent. 

drivers@go-aheaddublin.ie Salary of up to â‚¬32,000 per annum!

This Madness needs to STOP https://t.co/1GLGm5zmPu"
992775701014171649,1525531146,DaltonJoanne79,"Dublin, Ireland",Dublin City,IE,"Holy Mountain by Noel Gallagher's High Flying Birds
https://t.co/N0zVGYqjE2"
992778066622590976,1525531710,Condogbia,"Dublin City, Ireland",Fingal,IE,"The only way Phil can get a CL medal from us is if he breaks ramosâ€™ legs in the el clasico or Ronaldoâ€™s , either will do , or both pls"
992766817503469568,1525529028,GalwayUnitedFC,"Galway, Ireland",Galway,IE,UNDER-17s | Shamrock Rovers take the lead from the penalty spot after two minutes.
992766842673532928,1525529034,RnRor,"Cork, Ireland",Cork,IE,@irishhockey Thank you
992776112047644677,1525531244,LesterCullen,"Dublin, Ireland",Kildare,IE,Wow. A horse with a big future. #SaxonWarrior #2000Guineas
992766578419748864,1525528971,aoiferigney,Ireland,Cork,IE,Please keep an eye out for Terry. He is a good kid and everyone just wants him home safe. Thanks in advance for the RTs. @EoinBearla @CorkSafetyAlert @deshocks https://t.co/cZg26BjZG4
992773276723269638,1525530568,ideasasylum,"Cork, Ireland",Cork,IE,@brianclayton It was really easy to get offâ€¦ possibly lubricated by my own sweat.
992745040681189383,1525523836,tmj_dub_hr,"Dublin, Ireland",Dublin City,IE,"Want to work in #Dublin, County Dublin? View our latest opening: https://t.co/2Ajv6dwcsB #HR #Job #Jobs #Hiring #CareerArc"
992743786576039936,1525523537,pbcdave_dave,"Limerick, Ireland",Limerick,IE,"Been a fantastic Ride with the one and only @SimonZebo these past few years! Fast cars, Crazy trips and stylish Rugby ğŸ‰ğŸ”´ğŸ†All the best @racing92 #MUNvEDI #PRO14 @beanyburke @burke_adam13 @robbieburke276 @Munsterrugby @MRSCLondon https://t.co/8d3b57n06g"
992737998415585280,1525522157,RebeccaBeckery,"Wicklow, Ireland",Wicklow,IE,"Literally every time someone said â€œMay the 4th be with youâ€ yesterday,  I couldnâ€™t stop almost replying â€œAnd also with youâ€. WHY"
992748173813837829,1525524583,DannyAFC91,"Wexford, Ireland",Wexford,IE,@KevByrneBox @Aaron_c91 Fuck all being said about her to be honest. Eddie doing interviews like this is the best we will get.
992742968674213888,1525523342,rmltpie,"Dublin City, Ireland",Dublin City,IE,"Actually, Danny mauled him. @pnibbler @culturalfatwa @nomorequangos https://t.co/pDJZVvVoCQ"
992735544777076736,1525521572,WeddIreland,Ireland,Clare,IE,#SaturdayMotivation dreaming of your #wedding!! We love making our clients #dreams a reality! #irelands leading #WeddingPlanner #destinationwedding #ireland #Luxury https://t.co/M3GZuASbX4
992819548284956673,1525541600,OMGitsagirl2015,Ireland,Laois,IE,@nottinghilldady @mmk_agency @DaddyPoppinsBlg @babblingonb @FeverTreeMixers Sadly no rum. Just going by the taste..
992821528009084928,1525542072,CarlWidger,Ireland,Kildare,IE,Go Widger girls! https://t.co/jQSdr8B2FZ
992821767046561792,1525542129,ivanmurphy1970,"Cork, Ireland",Cork,IE,Jesus that's bad ffs https://t.co/uG7gLslPkE
992812648638177281,1525539955,tomasocarthaigh,"Galway, Ireland",Galway,IE,"Think about it.
Then #votenotoabortion https://t.co/5QUTrRPRFS"
992896559913357317,1525559961,Terra_corrupt,"Dublin City, Ireland",Dublin City,IE,Boy
992895452617101312,1525559697,cormacpro,"Mayo, Ireland",Mayo,IE,Jonathan Pearce... That was embarrassing #MOTD
992887886071689217,1525557893,Sharondublin1,"Dublin , Ireland",Dun Laoghaire-Rathdown,IE,Delighted for @TonyBellew !
992901412706275328,1525561118,_MattyEFC,"Dundalk, Ireland",Louth,IE,Southampton are proof that you canâ€™t be too good to go down. Top 8 in each of the last four seasons and suddenly theyâ€™re on the brink of relegation.
992901177804140544,1525561062,WilleneVdW,Ireland,Limerick,IE,@Nerina_tW @TimModise ğŸ˜¢ğŸ˜¢ğŸ‡¿ğŸ‡¦ğŸ˜¢ğŸ˜¢
992889630889578496,1525558309,Jane_Ox,Ireland,Meath,IE,@jamileau @michellenewitt Sounds like a plan! If my calculations are correct I should be able to come back over in about 12 years lol
992892713711407104,1525559044,tone_ring,"Dublin, Ireland. ",Limerick,IE,@LukeCB_  https://t.co/csv3KKmaUb
992899097437835264,1525560566,ahkhdublin,"Dublin City, Ireland",Dublin City,IE,@StevenFulop @NJCUPresident  https://t.co/xl9be3vIk4
992788845975531524,1525534280,PaulHar73659277,"Dublin City, Ireland",Dublin City,IE,@LadyOfVanadis @SICKBASTARD3 @BklineBetty @Lena4Le @Wolfcat033 @Arielprncs @HisMoon11 @KaRaRacn75 @slayerific13 @TiffanyLothbrok @earnshawcathe @larry_leadford @Raymosaki @Raudi793 @Valhallawulf @ryanbeazant @Benj4th @Warwolf78 @DannyTu3250187 @BaronDisgusted @Apez140 Greetings Tish have a good weekend https://t.co/OPrx32XyPC
992787625428701184,1525533989,MrsBeerSnob,"Meath, Ireland",Dublin City,IE,@johncoote @FCSlattery @FivePointsBrew @brickyard_d16 @NMBCo @thebeerclub_ie @ismiseronan @amydonn @ErwinPollard @AJCooke86 @jjconaty @fourcorners @dublinbeer I'm heading there now myself ğŸ»
992793606506385408,1525535415,Watersun555,Dublin Ireland ,South Dublin,IE,http://217.218.67.231/Detail/2018/05/05/560720/turkey HDP election Demirtas
992789152168120320,1525534353,occono,"Cork, Ireland",Dublin City,IE,@Memles So it's not a medical show set in a parallel universe?
992784093837393920,1525533147,ed_rua,"Limerick, Ireland",Limerick,IE,What it means to a club - Bruff stay senior #club #rugby #limerick @ Bruffâ€¦ https://t.co/sWtqU38w7F
992672466609852416,1525506533,NewToMyHome,Ireland,Kildare,IE,"Temple Mills, Rathangan, Kildare â‡¨ â‚¬239,950 | 3 Bed Semi-Detached House 11.. | https://t.co/RcdemdQO1Y | #kildare #rathangan"
992662702290944000,1525504205,RealJobsWexford,"Wexford, Ireland",Wexford,IE,Employment Specialist Mental Health https://t.co/7CKYLWKcLX
992666577815457792,1525505129,Sharon_Burke_,Ireland,Kildare,IE,Fab evening at the IRTA Racing Awards lastâ€¦ https://t.co/t9nMgeaLsS
992863605266763776,1525552104,Oblivious_,"Dublin, Ireland ",Fingal,IE,A cider kind of evening @LH_Beverages MÃ³r https://t.co/dCzXoQpcnm
992866738378289152,1525552851,KickAssCantona,"Dublin City, Ireland",Dublin City,IE,@jayutd19  https://t.co/wonPO9r4im
992863252932694017,1525552020,bod294,"Dublin ,Ireland",Dublin City,IE,Ss ?n
992864033048072193,1525552206,martydelove,Limerick... Ireland,Limerick,IE,@privilege_mufc Thanks buddy
992859972961783809,1525551238,foodborn,"Wexford, Ireland",Wexford,IE,@darraghdoyle @theleggalamb @ireland Anytime ğŸ‘ğŸ¼
992908475905683456,1525562802,_MattyEFC,"Dundalk, Ireland",Louth,IE,Good player that Pathcal Groth
992908903716458496,1525562904,ReadaCronin,"Kildare North, Ireland ",Kildare,IE,"@nikki_gavan @MaryLouMcDonald @JohnGavan4 She is watching our every move. From various angles ğŸ˜®
Be good ğŸ˜‰"
992901861496717312,1525561225,DanJCB001,Ireland,Cork,IE,Wishing Sir Alex Ferguson a full and speedy recovery ğŸ‘ğŸ™Œâš½ï¸ğŸ”´  @ManUtd #MUFC #SirAlex #footballfamily https://t.co/gpqoN2fE3n
992709254845992960,1525515304,Watersun555,Dublin Ireland ,South Dublin,IE,Could we live on Mars? NASA mission to find out https://t.co/q0bykA1qla https://t.co/MgqbNiSaCo
992718926915293184,1525517610,Queen_Maritza1,"Dublin City, Ireland",South Dublin,IE,My gran.. thatâ€™s nearly 74 is gone on the rip with her sister for the banker.. and  probably gona get a man as well while Iâ€™m sat at home doing fuck all.. Iâ€™m opening wine fuck this shit! https://t.co/OdMp6u1WIU
992706637604577280,1525514680,garken27,donegal ireland,Donegal,IE,@THriLLzxx None of us seen it ğŸ˜„
992713595963281408,1525516339,ErinMcGathy,"Dublin, Ireland",Meath,IE,"@PlainOldRonan I know you deleted that tweet, but my reply was really fun"
992716552943357952,1525517044,jasonpobrien,"Dublin, Ireland",Dublin City,IE,@RositaBoland @IrishTimes Brilliant piece of journalism
992802729134383104,1525537590,StevieGrainger,"Cork City , Ireland",Cork,IE,Cork bouncers in about 8 hours time https://t.co/MtdqMSljDZ
992801097545904130,1525537201,Drniallmc,#GalwayIreland,Galway,IE,@gbayfm Well done Alan
992809381287878657,1525539176,mmithpjm,"West Meath, Ireland",West Meath,IE,$328 for a pit ticket uhhhh
992806818555539457,1525538565,Watersun555,Dublin Ireland ,South Dublin,IE,Georgia executes killer of off-duty prison guard (from @AP) https://t.co/oUu90I8LZa
tweet_id,tweet_created_at_ts,user_screen_name,user_location,tweet_place_name,tweet_place_country_code,tweet_text
993303260567097344,1525656926,Leahprincessx,"Dublin City, Ireland",Dublin City,IE,â¤ï¸â¤ï¸ love you https://t.co/itNAdfMXfE
993297380186378240,1525655524,SilvinhaGomes_,"Dublin City, Ireland",Dublin City,IE,"Curta o que de melhor a vida lhe oferece com toda intensidade, como se fosseâ€¦ https://t.co/4ta024o66h"
993297673754173440,1525655594,MaahDalapicola,Ireland,Galway,IE,ğŸ˜
993301767428493312,1525656570,VK_HM,"Dublin, Ireland",Dublin City,IE,@manbear Your baby would porphyrogenitos
993117088020680706,1525612539,CraigJakes,"Dublin, Ireland",South Dublin,IE,@davidbr07505519 2 Euro
993125329811230720,1525614504,tomasocarthaigh,"Galway, Ireland",Galway,IE,"If your homeless, not from EU, you dont exist. Will this include #UK folk after #Brexit? Irish solution to homeless numbers is ""don't count"" ğŸ¤£. We say #homelessnessisnotnormal: are not surprised as this is the gov who want to #repealthe8th - no heart, no humanity... #savethe8th https://t.co/DHCzG5hG3J"
993122641258180608,1525613863,dairymuffin,"Naas, Co.Kildare, Ireland",Kildare,IE,@Savethe8thInfo #LIES
993241885325119489,1525642293,laoiseman,Laois Ireland,Laois,IE,@markyfla @EwanMacKenna Launched the Championship this weekend?!â€™ The fucking thing started this weekend. But none of those teams matter so who gives a shite? Not the GAA anyway
993246037711163392,1525643283,Watersun555,Dublin Ireland ,South Dublin,IE,Pro-Kremlin Cossack troops to â€˜ensure public safetyâ€™ at World Cup https://t.co/zLcnSakj3T
993236206254264321,1525640939,Katiepower129,Ireland,Waterford,IE,"@samsmithworld You are seriously such an inspiration, I love you so much and look up to you so much!! I was at your concert in Dublin and was just mesmerisedğŸ’ I seriously love you so much! Please come back to Dublin soonğŸ³ï¸â€ğŸŒˆâ¤ï¸"
993243319802179585,1525642635,Castletonian,Ireland,Dublin City,IE,@Martin1Williams We will have less of that thank you ğŸ˜‚
993237137372925952,1525641161,MaryDoyle18,"Wexford, Ireland",Wexford,IE,"Can't help but look at the #SPNUK So so jealous of everyone that got to hang out with Jensen, Jared &amp; Misha this weekend ğŸ˜¢"
993245408548835330,1525643133,DylanCliff94,"Killarney, Ireland",Kerry,IE,@aaronfdesign Is that
993238261433880581,1525641429,KiaOraMiniFarm1,"South East Ireland, Wexford",Wexford,IE,@AwkwardAveen Ah Aveen thanks for coming back to see us again. Delighted you enjoyed it. Wasn't it very busy with the beautiful sunshine. #SunnySouthEast #Wexford #goats
993192832927260673,1525630598,SenanByrne,Ireland,Kilkenny,IE,https://t.co/tt8Y65WPnZ
993200529500266496,1525632433,donbray14,"South Dublin, Ireland",Dun Laoghaire-Rathdown,IE,@DianaShibaMD Beautiful gardens and blooms ğŸŒ¹ğŸŒ¹ğŸ˜‰ Happy Sunday â¤
993191453017899010,1525630269,Jeanette_Col,Cork / Ireland,Cork,IE,Brilliant ğŸ˜‚ https://t.co/8z8N2VqXKO
993193659221856258,1525630795,kenboylanmakeup,"Dublin, Ireland.",South Dublin,IE,To people who think itâ€™s always raining in Ireland .. well you would be rightâ€¦ https://t.co/8EFPNyC0ln
993196406474268673,1525631450,1badlydrawngirl,"Dublin, Ireland",Wexford,IE,"@shanew147 Great photos! ğŸ“· Looks like a beautiful day there, took a long while for the sea-mist to burn off here.... &amp; then it rolled back in on the not-so-sunny S.E. ğŸŒ«"
993210931348983808,1525634913,unitedscotirish,Ireland,Kildare,IE,Going out in a dress but changing into something more comfortable just because!!! #SummerInIreland #ItGetsColdYeknow #Happy #DrinksWithFriends https://t.co/LXB5Cc6iUE
993212109952610305,1525635194,DylanCleary_,Ireland ,South Dublin,IE,No way is that a red card if Bale gets away without being sent off
993203834590826496,1525633221,SharonAnnO,"Blackrock, Dublin, Ireland ",Dun Laoghaire-Rathdown,IE,@michaelhayden57 His nick name is Dinos. Iâ€™m sticking with that ğŸ˜‚
993217776490831873,1525636545,MarcD_Weegem,"Greystones, Ireland",Wicklow,IE,@inkwellHQ Anytime. Will certainly try my best. ğŸ˜Š
993218074248712193,1525636616,H__OConnell,"Dublin City, Ireland",Dublin City,IE,"Throw on Urban Hits for pre drinks or cans in sun â˜€ï¸ On tonightâ€™s show: @Skepta, @earlxsweat, @KARIFAUX @outburstpal, @MadeInChynna, @isaiahrashad, @InjuryReserve &amp; loads more! Starting now on @spin1038."
993022405810548737,1525589965,alicexfpjones,"Wexford, Ireland",Wexford,IE,Iâ€™d sell my soul to see happy hermione and happy alice
993294037326139393,1525654727,elparkojr_,Ireland,South Dublin,IE,@siucrababy Rude man
993279508244549632,1525651263,RatedR2012,Ireland,Laois,IE,Now watching #WWEBacklash
993040479028727808,1525594274,LyrathEstate,"Kilkenny, Ireland",Kilkenny,IE,Thank you @JoeLeogue for the write up in yesterdayâ€™s @irishexaminer @ancienteastIRL @LoveKilkenny #lyrathestate #kilkenny https://t.co/II8NyjMmos
993051984038170624,1525597017,WilleneVdW,Ireland,Limerick,IE,"@sure_kamhunga @BhekiNtombela1 @ThuliMadonsela3 Is it about giving the gift, or about showing off 'how good' the giver is? If it is about how good the giver is, the act of giving does become hypocritical. And in that case, I wouldn't want it."
993045117945737216,1525595380,dkins8,Clonmel Ireland,Cork,IE,@MarianKeyes And yet Americans complained that the Russians interfered in their elections
993065573562114049,1525600257,MaryDoyle18,"Wexford, Ireland",Wexford,IE,"Laptop is broke âœ”
Phone is broke âœ”
Dog is broke âœ”
I'm broke âœ”ğŸ˜¢ğŸ˜¢"
993054789993992192,1525597686,fionamorris123,"Dublin City, Ireland",Dun Laoghaire-Rathdown,IE,@ANGRYref Too far?
993138730633482242,1525617699,makeup_byrachel,"Donegal, Ireland",Donegal,IE,Nobody else can have an opinion fucks sakes ğŸ˜‚ğŸ˜‚
993141914085089280,1525618458,dancewithwovels,"Dublin City, Ireland",Dublin City,IE,"@LUFC #LeedsUnited 
Owner @andrearadri 
#700_000_Rohingya_Refugees
@PJansson5 
@bailey_pf 
@roofe39 
@LiamCooper__ 
@dallas_stuart 
@Ronaldo_Vieira8
@lukeayling_8 
@eunan10 
@miimosaa
@ezgjanalioski
@Samusaiz
@pablohernandez7
@GaetanoBer
@Kalvinphillips

https://t.co/oOrw6Z7NJW"
993142060902477824,1525618493,ShamrockRovers,"Tallaght, Dublin, Ireland",Dun Laoghaire-Rathdown,IE,"U19s: all over at Kilternan, Rovers beat Bray/SJB by 5-0 with a hat trick from Dean Williams and a brace from Dean Dillon."
993141020694138882,1525618245,Carla4garda,Ireland,Cork,IE,@wildatlanticboy Piss off back to #fabswingers Ireland forum where inverted plastic swinger snobs like you cry about #sluts like me.
993130245543858176,1525615676,tggleeson,"Kildare, Ireland",Kildare,IE,We're talking minimum of 20 years before any such decisions need addressing and I wouldn't be confident that the current concept of being British will survive the reemergence of English nationalism awoken by Brexit. https://t.co/3d3lsLnniC
993132984424419328,1525616329,hayden_niall,PARAMEDIC IRELAND,West Meath,IE,@davidgsy Get well soon man .. glad youâ€™re on the mend x
993137828862332929,1525617484,ChristineBass,"Dublin, Ireland â˜˜",Dun Laoghaire-Rathdown,IE,I love how normal @VancityReynolds is ğŸ˜ https://t.co/I653GupKFN
993130560099901447,1525615751,Blame_Suarez,"Cork, Ireland",Cork,IE,Just saw that Wolves ended the season on 99 points. I mean they're obviously glad to be promoted as Champions but would annoy me to be just one shy of making it 100.
993101841717133314,1525608904,FeliSpeaks,"Dublin City, Ireland",Kerry,IE,"@ToluMakay Her Yoruba is CRISP ğŸ˜‚ğŸ˜‚ğŸ˜‚ 
E ma reri ofo ğŸ˜­ğŸ˜­omg."
993102181460074497,1525608985,KieranBTS,"Longford, Ireland",Longford,IE,ğŸ˜‚ https://t.co/SRg2nrrVCJ
993100122060935174,1525608494,HayleyMahoneyx,"Dublin, Ireland",South Dublin,IE,Anyone interested in a ticket for Ed on the Friday in the Phoenix Park?
993112834983809024,1525611525,NeloMarial,"Dublin City, Ireland",South Dublin,IE,"Amanda,sending you warmest prayers for your fatherâ€™s good health. I wish and pray for his speedy recovery and good health.ğŸ‘ŒğŸ½ https://t.co/V0PvJ4NKuZ"
993101724255735808,1525608876,alralsumaiti,Kuwait | Ireland,Dublin City,IE,@athoubHM Ù…Ø¨Ø±ÙˆÙƒ Ø­Ø¨ÙŠØ¨ØªÙŠ Ø§Ù„Ù„Ù‡ ÙŠÙ‡Ù†ÙŠØ¬ Ùˆ ÙŠØªÙ…Ù… Ø¹Ù„ÙŠØ¬â¤
993101489408233472,1525608820,barryak74,"Waterford, Ireland",Kilkenny,IE,@wlrfm any help please. FOR SALE FACE VALUE 2 ED SHEERAN TICKETS FOR TODAY IN CORK. DM FOR DETAILS https://t.co/BDsIL4FafW
993093272754180096,1525606861,Jack__McNamara,"Meath/Dublin, Ireland ğŸ‡®ğŸ‡ª",Meath,IE,Fucking yeeessss
993083042842468353,1525604422,DarraghTh0mps0n,"Dublin City, Ireland",Dublin City,IE,https://t.co/MncTtHExRt https://t.co/XfzdTS7WBc
993092094171533312,1525606580,barryak74,"Waterford, Ireland",Waterford,IE,"2 ED SHEERAN TICKETS FOR SALE.
FACE VALUE. UNABLE TO ATTEND DUE TO ILLNESS.
DM FOR DETAILS #EdSheeran #edsheeran tickets https://t.co/mkQSZvsww6"
993088625444343808,1525605753,maryodonnell03,Ireland,Monaghan,IE,"This is a sweet child, pure soul. https://t.co/NXu8F1r0Qd"
993085991433863168,1525605125,crossfitireland,"Dublin City, Ireland",Dun Laoghaire-Rathdown,IE,"Do you even oblique bro? Donâ€™t neglect the speedo muscles! 
#wearecfiâ€¦ https://t.co/rVcdgK2Lap"
993083671983919104,1525604572,susanlohan,"Dublin, Ireland",Fingal,IE,Donâ€™t let @FineGael lull u into believing that a Comm of Invest. is the best route. The 2004 Act gags witnesses with threat of criminal charges; hearings held in private; evidence gathered canâ€™t b used in criminal cases. They facilitate a whitewash &amp; wud negate yr amazing work https://t.co/cbXpc14vx3
993173606246043656,1525626014,foodborn,"Wexford, Ireland",Wexford,IE,@NesbittF Iâ€™m just back from the beach. Itâ€™s manic. Call in?
993178282903384065,1525627129,_salvagem,"Cork, Ireland",Cork,IE,A shout out from @johncreedon to the very talented @VincentzaraCork Pure delighted with his work so he was. #OverheardInTheCorkArms
993184129771622401,1525628523,railwaycricket,"Dublin, Ireland",Meath,IE,#cricketleinster #19164 Railway 131 for 4 from 25 overs chasing Knockharleys 196 in div 4
993184352073867265,1525628576,kevmeany,"Dalkey, Co Dublin, Ireland",Dun Laoghaire-Rathdown,IE,Not a big horror guy but this is a brilliant film. I found this terrifying the first time I saw it. https://t.co/yihJTDWdX1
993176152201187328,1525626621,MrPaulDuane,"Dublin, Ireland",Dublin City,IE,"On Wellesâ€™ 103rd anniversary, a reminder that Trumpâ€™s favourite film is Citizen Kane, and he doesnâ€™t understand anything about it.

https://t.co/PRuTNRFnNp"
993257064498630659,1525645912,barraob1,Ireland,South Dublin,IE,"If Harry Kane had scored an own goal, would he be counting it towards his season tally?"
993263234332360705,1525647383,favoritekevin,"Dublin City, Ireland",Dublin City,IE,My spirit animal. â¤ https://t.co/aa09UETZas
993253885237170176,1525645154,KickAssCantona,"Dublin City, Ireland",Dublin City,IE,@ArndTheGrnds  https://t.co/ib0q9sWHAM
993147614160764928,1525619817,Commander_Rory,"Killarney, Co Kerry, Ireland",Kerry,IE,Chilling #bordercolliesofinstagram #bordercollieâ€¦ https://t.co/VwghHmJoHy
993145462457884672,1525619304,theedbutler,"Monaghan, Ireland",Roscommon,IE,@emilypollrad @jamies5962
993146481698836481,1525619547,sunbabe08,"cork, ireland",Cork,IE,Locker room leader is all about respect. The boys in the back respect #RomanReigns https://t.co/HlBD1mLSb0
993144728488116225,1525619129,danoconnorpga,"Athlone, Ireland",Roscommon,IE,FIZZY NIPPER @GavinMoynihan #GolfSixes
993154979350265856,1525621573,LeluCosta,"Dublin City, Ireland",Dublin City,IE,"Sunny day in Dublin with visit from Italy. #Dublin #Ireland em Dublin, Ireland https://t.co/6zLgXVcip5"
993228664883032064,1525639141,TrendsIreland,Ireland,Ireland,IE,"Leitrim GAA, @leitrimgaa is now trending in Ireland

https://t.co/SB2UyrRkA5 https://t.co/YV9HpUG5fw"
993227159144722432,1525638782,Krytonss,Ireland,Limerick,IE,@BurnzeyOfCourse I would rather the injuries happened last week as I have my streaming computer etc to move upstairs lol no rest for the wicked. Lol
993219600987971584,1525636980,JoeMcCormac,"Blessington, Wicklow, Ireland",Wicklow,IE,"Summers morning in Blessington @ Wicklow, Ireland https://t.co/53DVW6BSC1"
993219680667041800,1525636999,alannahxharry,Ireland,Limerick,IE,@lornaconwayb9 Nobody of importance clearly ğŸ’â€â™€ï¸
993228018981142531,1525638987,oSProfanos,"Dublin City, Ireland",Dublin City,IE,Se Ã© meu eu coloco pra adoÃ§Ã£o na hora. https://t.co/hooZ3aiNcE
993228027332055042,1525638989,PaddyMcKenna,"Dublin City, Ireland",South Dublin,IE,"@EwanMacKenna Not wrong, logically a defeat might actually have been better for Leitrim GAA but when the chips are down ...."
993222499256209409,1525637671,sophswhynot,"Dublin City, Ireland",Dun Laoghaire-Rathdown,IE,"There have been at least 18 foreskins claiming to be Jesus's.

That is a lot. 
(Still trying to get myself excommunicated in the most humorous way I can folks)"
993221735913836544,1525637489,StevieGrainger,"Cork City , Ireland",Cork,IE,@mugsie316 Barca have been great second half TBF
993219466782789633,1525636948,MarcD_Weegem,"Greystones, Ireland",Wicklow,IE,"@xiotex I'm not sure my gurning face falls into that category, but Hobbes is now officially in my 'pack'. ğŸ˜Š"
993223724005552130,1525637963,GaryTraynor1,"Galway, Ireland",Galway,IE,"Come on Mark Williams ğŸ± 

One of snookers great characters #Sound #WorldSnookerChampionships #Bbcsnooker #BetfredWorldChampionship"
993323493893857281,1525661750,NatterIKH,"Waterford, Ireland",South Dublin,IE,On my way to Lisbon. Just making it to the airport first then a week in Lisbon during Eurovision week! #Eurovision2018 #lisboncalling
993315772184309760,1525659909,krisguillenp,"Cork, Ireland",Cork,IE,@AkoSiJEDDAH So giunsa pag pa uga?
993268175230918656,1525648561,gerrymac6511,Cavan Ireland.,Meath,IE,"@BrianPix042 @AnnChristie8 @kevinpbreslin @RCorbettMEP No its not,it's illegal and will soon be scraped."
993266145183567873,1525648077,anleithreas,"Donegal, Ireland",Donegal,IE,I will need to see ABBA announce that theyâ€™re touring asap
993266975651586053,1525648275,deefran13,cork ireland,Cork,IE,@ThePaulColton @OSullivanJennie Shame on us as a nation
993070862571098112,1525601518,dancewithwovels,"Dublin City, Ireland",Dublin City,IE,"@LUFC #LeedsUnited 
Owner @andrearadri 
#700_000_Rohingya_Refugees
@PJansson5 
@bailey_pf 
@roofe39 
@LiamCooper__ 
@dallas_stuart 
@Ronaldo_Vieira8
@lukeayling_8 
@eunan10 
@miimosaa
@ezgjanalioski
@Samusaiz
@pablohernandez7
@GaetanoBer
@Kalvinphillips

https://t.co/oF3pCWmWAd"
993070501873545216,1525601432,Zoemcquillan11,Ireland,Meath,IE,ğŸ™ŒğŸ¼ğŸ™ŒğŸ¼ saveğŸ‘¶ğŸ¼ https://t.co/jq9zp8reFu
993068127893286912,1525600866,Procrastinate_B,"Strokestown, Ireland.",Roscommon,IE,Got followed home by a dog. #sausagelegs
993171840435654656,1525625593,coolfoodschool,"Wicklow, Ireland",Wicklow,IE,#uptheveggies https://t.co/uNEWFvqJVM
993162109679697921,1525623273,keithmcloughlin,"Dublin, Ireland",Dublin City,IE,Future Fears on KCLR 96FM from 8pm with Roddie Cleere. https://t.co/Q2e99d6oKI
993160918480621569,1525622989,DeadRedZebra,"Galway , Ireland",Roscommon,IE,"Nature be like; fuck bulldozers

#bulldozer #nature #home #sun #machinery @â€¦ https://t.co/UlH8vRL7he"
993159161071489026,1525622570,Agata04849873,"Dublin City, Ireland",Dublin City,IE,"@PKitaDziedzic @RafalDudkiewic1 @mar_watrobinski @yola5940 Z naszego RafaÅ‚a to porzÄ…dny facet,nawet jeÅ›li on sam to czasami poddaje w wÄ…tpliwoÅ›Ä‡."
993166215878193152,1525624252,Watersun555,Dublin Ireland ,South Dublin,IE,"Explosions at Pakistan mines kill over 20
via @IrishTimes
https://t.co/5jzi1glt5F"
993170988996202496,1525625390,Condogbia,"Dublin City, Ireland",Fingal,IE,"Liverpool are Fuckin dog Shite fuck off , Klopp out , Fraud"
tweet_id,tweet_created_at_ts,user_screen_name,user_location,tweet_place_name,tweet_place_country_code,tweet_text
993668689315680256,1525744051,BenSmyth96,"Meath, Ireland",Meath,IE,"I love the summer, sunshine, the good mood everyone is in and bright evenings... but I am not a fan of my entire body sweating profusely in bedğŸ™ƒâ˜€ï¸"
993479954036936704,1525699053,RatedR2012,Ireland,Laois,IE,"@YM971 @ih8scousers Like I said in a tweet, I didnâ€™t see the event, so, there is some matches I didnâ€™t see yet."
993478825752317953,1525698784,Goleen2,"Offaly, Ireland",Offaly,IE,@lisaocarroll Ignorance abounds.... neither a student of history obviously.
993482877475213312,1525699750,bernieduf,"Monaghan, Ireland.",Louth,IE,@DermotBannon @RTEOne @kanyewest  it would certainly take the heat off the poor edgit from Tipperary.
993608647862308864,1525729736,PunnyR5Days,ireland ğŸ‡®ğŸ‡ª,Clare,IE,@mendesftkostov STOP IM GONNA CRY AGAIN
993605762185383936,1525729048,PalmPharmacy,"South Dublin, Ireland",South Dublin,IE,ğŸ˜…ğŸ˜…ğŸ˜… https://t.co/StsZvm93IY
993599122581131270,1525727465,alannahxharry,Ireland,Limerick,IE,"@nykaiya I saw this boy about 7 years ago who looked like Harry Styles , I think about him everyday like how is he?"
993610463987552256,1525730169,Watersun555,Dublin Ireland ,South Dublin,IE,UK pledges Â£70m Rohingya aid ahead of rainy season https://t.co/zsxSXG4UvZ https://t.co/4TdlTIwf36
993600775153770496,1525727859,markhodgins1,ireland,Dublin City,IE,@_Aaronmurphy Stink
993554985920188418,1525716942,Irishchaz47,Dublin Ireland,Dublin City,IE,Vermin https://t.co/JE0d6yr89q
993561000547966976,1525718376,shivguinn,"Waterford, Ireland.",Waterford,IE,A2 so in keeping with the theme I was hoping to share with you a program I recently did with @Rudai23 and we have a few team mates with us this evening! https://t.co/EPghNcFiAG #uklibchat
993560363043098624,1525718224,shadeyshades,"Ballinamallard, Northern Ireland",Donegal,IE,Stunning day at the Beach. #countydonegal #malinbeg #malinbegbeachâ€¦ https://t.co/NRZMuv0E02
993557414430625793,1525717521,CormacGP,"Dublin, Ireland",Wicklow,IE,@jameypricephoto Thanks Jamey!
993570320291454977,1525720598,sarahlennon08,"Dublin City, Ireland",Dun Laoghaire-Rathdown,IE,@Hari_S3ldon @AodhanORiordain Thatâ€™s 9
993575026300538881,1525721720,ProperFood_ie,Ireland,Dun Laoghaire-Rathdown,IE,@armelleskitchen It will take months and I'm in lots of pain but it will get better. X
993571763136155649,1525720942,jammer76,"Cork City, Republic of Ireland",Cork,IE,"40%
ğŸ”‹ğŸ“±X
21:00
â°"
993570953643941888,1525720749,subofthenight,CORK IRELAND,Cork,IE,@Largeplum @little_pengelly @OfficialBlues With grown ups like you the future isnt very bright.
993566558009151489,1525719701,yasminkai,"dublin, ireland. ",South Dublin,IE,@daniellet666 @emmaoharaaa the fact that the margin in this poll is so small iâ€™m actually about to jump off a cliff what the fuck are â€˜midgiesâ€™
993720468011212800,1525756396,NualaNiC,"Galway, Ireland",Galway,IE,@LiBaoscompanion Thanks a million!
993642793687048194,1525737877,thehumbuglife,Ireland/NZ,Dublin City,IE,The (Cheap) Portrait of Madame X to celebrate another wonderful year of Missâ€¦ https://t.co/RU7lCW6mFZ
993644072949731329,1525738182,tanakaunk,"Dublin City, Ireland",Dublin City,IE,ãƒã‚¸ã§ã€œå…ƒã€…æ ¹æš—ã ã‹ã‚‰ã€å‹é”ã¨ã®ä»˜ãåˆã„æ–¹ãŒã‚ã‹ã‚“ãªã„ã‚ˆâ€¥ã¨ãã«ãƒ€ãƒ–ãƒªãƒ³ã®å‹é”ã€‚è‡ªåˆ†ã®ã—ãŸã„ã“ã¨ã¨å‹é”ã¨éã”ã™æ™‚é–“ã‚’ã†ã¾ãæ•´ç†ã§ããªã„ã€‚å…¨éƒ¨ã¯ç„¡ç†ãªã®ã«ã€ãªã‚“ã‹å¯‚ã—ã„ã€‚ä»Šæ—¥ã‚‚ã„ã„å¤©æ°—ã ã£ãŸã­ã€‚ https://t.co/Sdr3yxR81C
993412174063206400,1525682893,ingridmileyRTE,Ireland,Dublin City,IE,"I am gobsmacked by this. Who teaches a 4
Year old to do this with a gun?? https://t.co/L39kWxABY0"
993400102868762625,1525680015,tmj_dub_transp,"Dublin, Ireland",Dublin City,IE,"Want to work in #Finglas, County Dublin? View our latest opening: https://t.co/AuJhmrxeLg #Transportation #Job #Jobs #Hiring #CareerArc"
993411926620299264,1525682834,jamies5962,"Northern Ireland, United Kingdom",Roscommon,IE,@HarrySquad If you graduate*
993413340104986624,1525683171,ElaineScarryX,"Galway, Ireland",Galway,IE,@WWEUK @AlexaBliss_WWE @NiaJaxWWE @_shico_ of course she did! Just my luck sure
993402678175813632,1525680629,karlhenrypt,"Dublin City, Ireland",Cork,IE,@CiaraL_Smith Awwwwww thanks so much!!!great to hear we have people listening all around the world!
993423603533320193,1525685618,Blackboxtrends,"Cork, Ireland",Cork,IE,@damianpinto https://t.co/nhuTja7XYn red this sound familar sick technology! not the holy grail but a start! Indiana Jones we got to find the temple of doom!
993428959680483328,1525686895,Queen_Maritza1,"Dublin City, Ireland",South Dublin,IE,@Gilly0151 No huni girls only soz.. x
993424429815336960,1525685815,SteveDrakovari,"Monaghan, Ireland",Monaghan,IE,Childish Gambino - This Is America (Official Video) https://t.co/1j9gGEdVbC via @YouTube
993424891218157576,1525685925,TonyClaytonLea,Ireland,Fingal,IE,"Final day of @vinyl-dublin at Royal Hospital Kilmainham! FYI,  Iâ€™ll be moderating the panel â€™Waxing Lyricalâ€™ with U2 design head honcho, Stephen Averill, renowned rock music photographer Chalkie Davies, and former member of the Cure, Lol Tolhurst. The Great Hall, 7.30pm. https://t.co/ZWLeadj6XL"
993427562956316672,1525686562,jjbowlespub,"Limerick, Ireland",Limerick,IE,Well done guys! Amazing weekend in Limerick! https://t.co/ZUo8bmnaRC
993494617298481152,1525702549,NewHopeKailan,Ireland,Dublin City,IE,@NewHopeBlake @NewHopeBlake remember I gave you a matching guitar in Dublin ğŸ‡®ğŸ‡ªâ¤ï¸ https://t.co/gP1073Ptie
993501403711762432,1525704167,bpk1990,"Dublin, Ireland",South Dublin,IE,@TheChrisDuffy @DanTheDazzler Love a good knobbing
993494948673662976,1525702628,AidiMac,"Listowel, County Kerry, Ireland",Kerry,IE,@Lindy255 it is.
993697185412894720,1525750845,eobeara,Ireland,Fingal,IE,"So true. Fail fast, learn early. https://t.co/xU6XF0BhZV"
993466385455026176,1525695818,ColinBobz,"Cork,Ireland",Cork,IE,@LovingCork @PaircUiCha0imh @corkcitycentre @aikenpromotions What about @CorkCityFC going back top of the league??  That was my highlight.. #ccfc84
993465496241664000,1525695606,ColinBobz,"Cork,Ireland",Cork,IE,@Koherlihy You coming to mine for it??? Couple bottles of rosÃ©
993468558104506369,1525696336,ProfJohnCrown,Dublin Ireland,Dublin City,IE,RIP https://t.co/gWZNNaumUz
993453798340419584,1525692817,theeney,Ireland,Fingal,IE,Iâ€™m going to this! https://t.co/AgkpOB4tsW
993455824185057280,1525693300,PJLynchArt,"Dublin City, Ireland",Fingal,IE,"Hey! I am off on the road to Oz!
Scribblersâ€™ Festival in Perth to be exact!
Maybe see some of you there.#scribblersfest https://t.co/9uMER8r025"
993542994396577799,1525714083,vidabailey2,Ireland,Dublin City,IE,"@MrAComerford &lt;3 My daughter would have similar issues, though SPD is the big deal rather than intellectual disability. I think she would kill herself if she were forced to carry a pregnancy to term. The whole thing is unthinkable."
993546471474712577,1525714912,AngelaAllen20,Republic of Ireland,Kildare,IE,#madeitthroughtothesemis ğŸ‘ğŸ˜Š https://t.co/vKVjZWXazA
993547872376446978,1525715246,macanmhi,DUBLIN IRELAND,Dublin City,IE,#michaelstokes #RIP What a fine young man. Brought a smile to all our faces.
993537269188497408,1525712718,NicolaeC3,"Belfast, Northern Ireland",South Dublin,IE,Fantastic wild birds! https://t.co/FGHufFoUzD
993540939217031170,1525713593,Irisheyes1976,Ireland,South Tipperary,IE,"https://t.co/Th0gRV3UjC 

COME JUMP WITH US!!! @AlanQuinlan1 @TommyoDonnell87 @Lacey79  @clanrugby @Munsterrugby https://t.co/o8K7x8xy2H"
993541413164941312,1525713706,joaniebillings,"Waterford, Ireland",Waterford,IE,@SwiftOnSecurity @natural20 Ah feck off.
993613299337125895,1525730845,What_Else_Mode,Ireland,Galway,IE,"I will be appearing with the Galway Actor's Workshop in an adaption of Lorcas Blood Wedding.
I'm excited but unnerved how easy I characterised and connected to the ass hole I play. https://t.co/VylhMwUqNP"
993619607591227395,1525732349,BeccaFlahMadden,"Galway, Ireland",Galway,IE,So Iâ€™ve been studying biology since 4:30 today... itâ€™s currently 11:31 and I donâ€™t think any of it has stuck in my head AHAHAH I HATE MYSELF RN
993624661706641414,1525733554,mmithpjm,"West Meath, Ireland",Galway,IE,Lily Collins is amazing in every way
993624502339858432,1525733516,marie_odonovan,"Cork, Ireland",Cork,IE,@Sarah_Hyland @Together4yes Thank you ğŸ™ŒğŸ»
993510211724902400,1525706267,Spaceychef,UK & Ireland,Wexford,IE,@jeeny_maltese @marinabaysands Happy birthday miss ğŸ‘
993394826421899264,1525678757,veronm78,"Cork, Ireland",Cork,IE,"@DarrenGale_1 Good morning Darren, happy sunday part 2!"
993394922890907648,1525678780,veronm78,"Cork, Ireland",Cork,IE,@MargaretOC4 Morning Margaret ğŸ¤—
993387410896506880,1525676989,yolandaa_95,Ireland & Australia,Fingal,IE,Quote of the day. https://t.co/lIHckAENdN
993386450421977093,1525676760,gerry_molloy,Galway Ireland,Galway,IE,If exercise was a pill it would be prescribed to every patient' https://t.co/fVl0knnjiL
993588372609421313,1525724902,elparkojr_,Ireland,South Dublin,IE,@notstelfc Pish who says tube
993588427126902785,1525724915,feargalhynes,"Dublin City, Ireland",Dublin City,IE,@DanMulhall @KennedyKing1968 Watching new doc â€˜Bobby Kennedy for Presidentâ€™ on Netflix. Worth a watch.
993588448069148672,1525724920,annasavo66,"Ã“ MÃ©ith agus IÃºr Cinn TrÃ¡, Ireland",Louth,IE,"@CarlingfordIRE @Stairnahireann @oldwarrenpoint @Newryie @nmdcouncil @NandMMuseum @OmeathDD @IrishLights @gtlighthouses Griangraif galÃ¡nta- beautiful photos!!!!
Pass them every day and have never seen them up close- grmağŸ’šğŸ’šğŸ’š"
993588032853938178,1525724821,McqAmy,Ireland,Dublin City,IE,@SeanRyan101 Yeh itâ€™s shit tbh ğŸ˜‚
993588032853938178,1525724821,McqAmy,Ireland,Dublin City,IE,@SeanRyan101 Yeh itâ€™s shit tbh ğŸ˜‚
993634375706337280,1525735870,TimmyTMUFC20,"Cork, Ireland",Cork,IE,@Lami_1988 @shanemurphy1981 Still going on about your old Trafford defeat!!! Love it!!! ğŸ˜€ğŸ‘ https://t.co/WtCEJ8sxTx
993634501552164864,1525735900,RobbieMcDermot7,"Meath, Ireland",Meath,IE,This is America ğŸ’¯ğŸ’¯ğŸ’¯ğŸ’¯ğŸ’¯ https://t.co/3B5o4qPJvs
993630382724665344,1525734918,OEimhear,"Dublin City, Ireland",Dublin City,IE,@Rubberbandits I voted for you and the #Blindboy podcast because you kept me company while I repainted 2 bedrooms
993639425656705025,1525737074,eoinyk,"South Tipperary, Ireland",South Tipperary,IE,An important thread on why the #repealthe8th campaign may be too complacent. https://t.co/ovlcOaocvJ
993438203926499328,1525689099,jamesgallagher,"Dublin, Ireland",Dun Laoghaire-Rathdown,IE,@antgalvin Me too. Iâ€™m assuming a scam as well. Thereâ€™s a couple of seconds of a voicemail with a cut-off sound at the end. I decline most unknown numbers too
993440020055896064,1525689532,garrettdonnelly,"Dublin City, Ireland",South Dublin,IE,@MrHistoryRob @RuthLeaEcon @tinabobuk The people living in the past right now are Brexiters applying a mid 20th century British approach to the problems of the 21st century. I am happy with the GFA and all its consent principles. It's you who haven't moved on with your patronising attitudes towards Ireland.
993441605519593472,1525689910,eoinyk,"South Tipperary, Ireland",South Tipperary,IE,"Uppity Paddies thinking they're an actual country that can act independently of the UK to defend themselves. And worse than that, enlisting the help of Britain's continental opponents to surround the UK! We should invade Eire. Uppity Paddies should be brought to heel #brexit ğŸ˜‰"
993441639061446656,1525689918,mighty_jar,"Dublin City, Ireland",Kildare,IE,"@wakeywhite @JonathanPieNews @AliDawow You should be defending it then, dont leave it to the RIght to do it.  As Dank said 'where is the Left wing free speech rallly'. You also have to realise that @AliDawow tried to doxx TR &amp; he incited a mentally ill Muslim boy to want to kill him. So there's no love lost there."
993435607652323329,1525688480,Davey_H,Dublin Ireland,Dublin City,IE,@mckernan_sharon @shanemcmahon @AJStylesOrg @RealKurtAngle I think Iâ€™ll probably have to just watch tomorrow. I canâ€™t see myself staying long enough to even watch Raw tonight lol
993527425144446976,1525710371,hlpnny,"louth,ireland",Louth,IE,"@andrewryan100 @neilmbriscoe @t2stu @TopOfTheTower @Nigel_Mutt @DarraghMcKenna @Daraghmclove @Roadster_Life @Scrof A brilliant car, then 4 Peugeot's in a row one 205 and 3 405's all diesel all terrible lol"
993520865269682179,1525708807,Rodziewicz_R,Ireland,Cork,IE,@morid1n @KubaKlawiter @iMagazinepl @norbertcala Ale sÅ‚awa jest ğŸ¤“ğŸ‘ LubiÄ™ iMagazine i Tech Week wiÄ™c odrazu poznaÅ‚em.
993522832389926912,1525709276,stunt_penguin,"Galway, Ireland",Galway,IE,@nellucnhoj ğŸ¶ lookin back the way we first sketched ğŸ¶
993525449656500226,1525709900,HowthGolfClub,"Dublin City, Ireland",Fingal,IE,What a fab day @HowthGolfClub https://t.co/0iz5pSwyP3
993531023865638912,1525711229,bruenjoe,"Galway, Ireland",Galway,IE,@angellilliesmam Tanya. You ve done brilliant work so far. You re job is done. Rest. I think yer a legend
993522173871624194,1525709119,spoclate,Ireland,Dun Laoghaire-Rathdown,IE,"Church needs to wind neck in over #Repeal8th . An org that oversaw the disposal of dead babies in sewage tanks, selling of children to US and the enslavement of those mother's in wash houses, the mass abuse of kids, doesn't have a say in what women do with their bodies."
993521276311523329,1525708905,peterc83,"Dublin, Ireland",Dublin City,IE,@daithi_locha I didnâ€™t see single yes badge or leaflet in town today but the no fuckers weâ€™re all over the place. Iâ€™m still so angry!! I wanted to just keep walking through them while pointing to my yes badge.
tweet_id,tweet_created_at_ts,user_screen_name,user_location,tweet_place_name,tweet_place_country_code,tweet_text
993743620560826369,1525761916,ConorTMcGrane,"North County Dublin, Ireland",Fingal,IE,@susmitchellSBP @austinpbyrne @illonaduffy Yes but in realty in part due to the fee structure the DOHC imposed there will also be a consult with tve GP. Need to make limits and aims of test as clear as possible.
993739799566671873,1525761005,garrettdonnelly,"Dublin City, Ireland",South Dublin,IE,"@BrexitIsToxic I'm not sure a plan for a cheese plant and a local planning objection constitutes ""desperate""! This is a private sector initiative."
993777229506273280,1525769929,_dnightmare,"Dublin City, Ireland",Dublin City,IE,@William__Santos hahahaha como acorda manhoso!
993766177527812096,1525767294,VintageFindsYou,"Dublin, Ireland ",Dun Laoghaire-Rathdown,IE,@LAVEESHA_ Youâ€™ll be gorgeous
993765288339562498,1525767082,Krytonss,Ireland,Limerick,IE,"Streamed pubg on ultra settings for pc and it worked perfect, no lag, dropped frames etc. Moving my full setup to my dedicated room today. D2 tonight :-)"
993773760846086145,1525769102,ChristineWStyle,"Cork, Ireland",Cork,IE,"No filter on this hair colour! 
Cannot wait to create some fab looksâ€¦ https://t.co/LvxLs8Ol7f"
993773827950817280,1525769118,msletbsage,"Sligo, Ireland",Sligo,IE,Don't forget to sign up to Sligo Adult Guidance in Education Workshop in Tubbercurry https://t.co/yihOhRxBHH
993785421007081473,1525771882,Shopless_,"Cork, Ireland and Belfast, UK ",Cork,IE,Brainstorming #shopless #boiworkbench #mobileapp #personalshopper https://t.co/v6I6lonpUt
993787404900282368,1525772355,NewToMyHome,Ireland,Donegal,IE,"Ballyboe, Rathmullan, Co Donegal, F92 X6C9 â‡¨ â‚¬275,000 | 3 Bed Bungalow  For Sale | https://t.co/U8gjraa7Jf | #donegal #rathmullan"
993779116955590657,1525770379,itsrachmartin,"Dublin City, Ireland",South Dublin,IE,Spotted: Blake Lively stealing the show #MetBall2018 https://t.co/0IRuX8MQbj
993780899534827521,1525770804,dorganc,IRELAND : Cloyne & Greystones,Dublin City,IE,@limidoh38 Good morning ğŸ˜Š
993751111592022016,1525763702,ucdscience,Ireland,Dublin City,IE,Best of luck to all students starting exams over the next two weeks #UCDexams https://t.co/wajZ6OS6B4
993760838182952961,1525766021,LolsyByrne,"Dublin, Ireland",Dublin City,IE,"Dad: What the hell kept you in the shower for so long?!

My Brain: I was having an imaginary argument with you about why I was in the shower for so long, complete with cutting retorts and inventive swearing. 

Me: I was shaving my legs."
993747496093470722,1525762840,tmj_dub_writing,"Dublin, Ireland",Dublin City,IE,"We're #hiring! Click to apply: Engineer III, Field Service - https://t.co/OQoZr5WkmX #SkilledTrade #Dublin, County Dublin #Job #Jobs #CareerArc"
993761471497670657,1525766172,CianFarrelly,"Westmeath, Ireland.",West Meath,IE,"BOW digger parked in our yard all weekend. Letâ€™s see how long it takes them to get down to the river, and then how long it takes to clean a 100m stretch of it ğŸ¤” #TaxPayersMoney"
993754286692749312,1525764459,letusrevolt,"Dublin City, Ireland",Dublin City,IE,@SamBaker ohh I &lt;3 that you retweeted @roisiningle Sam!  Two of my favourite media writers.
993754764809732096,1525764573,ptmogeely,"Cork, Ireland",Cork,IE,@LaineBITW Are you heading off somewhere
